PITCHERS,Team,G,GS,IP,W,L,SV,H,BB,K,ER,ERA,WHIP
"Aardsma,  David",SEA,53,0,49.7,0,6,31,33,25,49,19,3.443,1.168
"Abad,  Fernando",HOU,22,0,19.0,0,1,0,14,5,12,6,2.842,1.000
"Accardo,  Jeremy",TOR,5,0,6.7,0,1,0,12,3,3,6,8.100,2.250
"Aceves ,  Alfredo",NYY,10,0,12.0,3,0,1,10,4,2,4,3.000,1.167
"Acosta,  Manny",NYM,41,0,39.7,3,2,1,30,18,42,13,2.950,1.210
"Adams,  Mike",SD,70,0,66.7,4,1,0,48,23,73,13,1.755,1.065
"Affeldt,  Jeremy",SF,53,0,50.0,4,3,4,56,24,44,23,4.140,1.600
"Albaladejo,  Jonathan",NYY,10,0,11.3,0,0,0,9,8,8,5,3.971,1.500
"Albers,  Matt",BAL,62,0,75.7,5,3,0,78,34,49,38,4.520,1.480
"Ambriz,  Hector",CLE,34,0,48.3,0,2,0,68,17,37,30,5.586,1.759
"Anderson,  Brett",OAK,19,19,112.3,7,6,0,112,22,75,35,2.804,1.193
"Arrieta,  Jake",BAL,18,18,100.3,6,6,0,106,48,52,52,4.664,1.535
"Arroyo,  Bronson",CIN,33,33,215.7,17,10,0,188,59,121,93,3.881,1.145
"Atchison,  Scott",BOS,44,1,62.0,2,3,0,60,19,43,31,4.500,1.274
"Atilano,  Luis",WSH,16,16,85.7,6,7,0,96,32,40,49,5.148,1.494
"Atkins,  Mitch",CHC,5,0,10.0,0,0,0,12,6,10,7,6.300,1.800
"Axford,  John",MIL,50,0,58.0,8,2,24,42,27,76,16,2.483,1.190
"Badenhop,  Burke",FLA,53,0,67.7,2,5,1,62,21,47,30,3.990,1.227
"Baez,  Danys",PHI,51,0,47.7,3,4,0,55,23,28,29,5.476,1.636
"Bailey,  Andrew",OAK,47,0,49.0,1,3,25,34,13,42,8,1.469,0.959
"Bailey,  Homer",CIN,19,19,109.0,4,3,0,109,40,100,54,4.459,1.367
"Baker,  Scott",MIN,29,29,170.3,12,9,0,186,43,148,85,4.491,1.344
"Balester,  Collin",WSH,17,0,21.0,0,1,0,15,11,28,6,2.571,1.238
"Balfour,  Grant",TB,57,0,55.3,2,1,0,43,17,56,14,2.277,1.084
"Banks,  Joshua",HOU,1,1,4.0,0,1,0,8,4,1,6,13.500,3.000
"Bannister,  Brian",KC,24,23,127.7,7,12,0,158,50,77,90,6.345,1.629
"Bard,  Daniel",BOS,73,0,74.7,1,2,3,45,30,76,16,1.929,1.004
"Bass,  Brian",PIT,4,0,7.3,0,0,0,9,10,5,10,12.273,2.591
"Bastardo,  Antonio",PHI,25,0,18.7,2,0,0,19,9,26,9,4.339,1.500
"Batista,  Miguel",WSH,58,1,82.7,1,2,2,71,39,55,34,3.702,1.331
"Bautista,  Denny",PIT,31,0,33.7,2,0,0,25,27,44,14,3.743,1.545
"Beachy,  Brandon",ATL,3,3,15.0,0,2,0,16,7,15,5,3.000,1.533
"Beckett,  Josh",BOS,21,21,127.7,6,6,0,151,45,116,82,5.781,1.535
"Beimel,  Joe",COL,71,0,45.0,1,2,0,46,15,21,17,3.400,1.356
"Belisario,  Ronald",LAD,59,0,55.3,3,1,2,52,19,38,31,5.042,1.283
"Belisle,  Matt",COL,76,0,92.0,7,5,1,84,16,91,30,2.935,1.087
"Bell,  Heath",SD,67,0,70.0,6,1,47,56,28,86,15,1.929,1.200
"Bell,  Trevor",LAA,25,7,61.0,2,5,0,77,21,45,32,4.721,1.607
"Beltre,  Omar",TEX,2,2,7.0,0,1,0,9,7,9,7,9.000,2.286
"Benoit,  Joaquin",TB,63,0,60.3,1,2,1,30,11,75,9,1.343,0.680
"Benson,  Kris",AZ,3,3,14.0,1,1,0,18,6,8,8,5.143,1.714
"Berg,  Justin",CHC,41,0,40.0,0,1,0,45,20,14,23,5.175,1.625
"Bergesen,  Brad",BAL,30,28,170.0,8,12,0,193,51,81,94,4.976,1.435
"Bergmann,  Jason",WSH,4,0,2.3,0,1,0,3,1,2,4,15.429,1.714
"Berken,  Jason",BAL,41,0,62.3,3,3,0,64,19,45,21,3.032,1.332
"Betancourt,  Rafael",COL,72,0,62.3,5,1,1,52,8,89,25,3.610,0.963
"Billingsley,  Chad",LAD,31,31,191.7,12,11,0,176,69,171,76,3.569,1.278
"Bisenius,  Joe",PHI,5,0,4.7,0,0,0,6,6,4,5,9.643,2.571
"Blackburn,  Nick",MIN,28,26,161.0,10,12,0,194,40,68,97,5.422,1.453
"Blanton,  Joe",PHI,29,28,175.7,9,6,0,206,43,134,94,4.816,1.417
"Blevins,  Jerry",OAK,63,0,48.7,2,1,1,54,18,46,20,3.699,1.479
"Boggs,  Mitchell",STL,61,0,67.3,2,3,0,60,27,52,27,3.609,1.292
"Bonderman,  Jeremy",DET,30,29,171.0,8,10,0,187,60,112,105,5.526,1.444
"Bonine,  Eddie",DET,47,1,68.0,4,1,0,84,22,26,35,4.632,1.559
"Bonser,  Boof",OAK,15,0,25.0,1,0,0,33,8,17,17,6.120,1.640
"Bowden,  Michael",BOS,14,0,15.3,0,1,0,20,4,13,8,4.696,1.565
"Bowers,  Cedric",OAK,14,0,14.0,0,1,0,12,6,18,7,4.500,1.286
"Boyer,  Blaine",AZ,54,0,57.0,3,2,0,59,29,29,27,4.263,1.544
"Braddock,  Zach",MIL,44,0,30.7,1,2,0,27,18,38,10,2.935,1.467
"Braden,  Dallas",OAK,30,30,192.7,11,14,0,180,43,113,75,3.503,1.157
"Bray,  Bill",CIN,35,0,28.3,0,2,0,21,10,30,13,4.129,1.094
"Breslow,  Craig",OAK,75,0,74.7,4,4,5,53,29,71,25,3.013,1.098
"Broxton,  Jonathan",LAD,64,0,62.3,5,6,22,64,28,73,28,4.043,1.476
"Bruney,  Brian",NYM,19,0,17.7,1,2,0,21,20,16,15,7.641,2.321
"Buchholz,  Clay",BOS,29,29,178.7,17,8,0,145,71,127,45,2.267,1.209
"Buchholz,  Taylor",TOR,9,0,12.0,1,0,0,10,6,9,5,3.750,1.333
"Buckner,  Billy",FA,3,3,13.0,0,3,0,26,5,11,16,11.077,2.385
"Buehrle,  Mark",CHW,33,33,210.3,13,13,0,246,49,99,100,4.279,1.403
"Buente,  Jay",FLA,8,0,11.0,0,0,0,16,11,9,8,6.545,2.455
"Bulger,  Jason",LAA,25,0,24.0,0,0,0,25,15,25,13,4.875,1.667
"Bullington,  Bryan",KC,13,5,42.7,1,4,0,51,17,29,29,6.117,1.594
"Bumgarner,  Madison",SF,18,18,111.0,7,6,0,119,26,86,37,3.000,1.306
"Burnett,  A.J.",NYY,33,33,186.7,10,15,0,204,78,145,109,5.255,1.511
"Burnett,  Alex",MIN,41,0,47.7,2,2,0,52,23,37,28,5.287,1.573
"Burnett,  Sean",WSH,73,0,63.0,1,7,3,52,20,62,15,2.143,1.143
"Burres,  Brian",PIT,20,13,79.3,4,5,0,87,34,45,44,4.992,1.525
"Burton,  T.J.",HOU,4,0,3.3,0,0,0,0,0,1,0,0.000,0.000
"Bush,  David",MIL,32,31,174.3,8,13,0,198,65,107,88,4.543,1.509
"Byrdak,  Tim",HOU,64,0,38.7,2,2,0,40,20,29,15,3.491,1.552
"Cabrera,  Fernando",BOS,1,0,1.3,0,0,0,2,2,0,3,20.251,3.000
"Cahill,  Trevor",OAK,30,30,196.7,18,8,0,155,63,118,65,2.975,1.108
"Cain,  Matt",SF,33,33,223.3,13,11,0,181,61,177,78,3.143,1.084
"Camp,  Shawn",TOR,70,0,72.3,4,3,2,71,18,46,24,2.986,1.230
"Capps,  Matt",MIN,74,0,73.0,5,3,42,75,17,59,20,2.466,1.260
"Capuano,  Chris",MIL,24,9,66.0,4,4,0,65,21,54,29,3.955,1.303
"Caridad,  Esmailin",CHC,8,0,4.0,0,1,0,4,5,4,5,11.250,2.250
"Carlson,  Jesse",TOR,20,0,13.7,0,0,1,13,5,8,7,4.610,1.317
"Carmona,  Fausto",CLE,33,33,210.3,13,14,0,203,72,124,88,3.765,1.307
"Carpenter,  Chris",STL,35,35,235.0,16,9,0,214,63,179,84,3.217,1.179
"Carpenter,  Drew",PHI,1,0,3.0,0,1,0,5,0,2,3,9.000,1.667
"Carrasco,  Carlos",CLE,7,7,44.7,2,2,0,47,14,38,19,3.828,1.366
"Carrasco,  D.J.",AZ,63,0,78.3,3,2,0,68,34,65,32,3.677,1.302
"Cashner,  Andrew",CHC,53,0,54.3,2,6,0,55,30,50,29,4.804,1.564
"Casilla,  Santiago",FA,52,0,55.3,7,2,2,40,26,56,12,1.952,1.193
"Cassevah,  Bobby",LAA,16,0,20.0,1,2,0,23,8,8,7,3.150,1.550
"Castillo,  Alberto",FA,14,0,10.7,1,0,0,16,6,11,12,10.125,2.062
"Cecil,  Brett",TOR,28,28,172.7,15,7,0,175,54,117,81,4.222,1.326
"Ceda,  Jose",FLA,8,0,8.7,0,0,0,8,11,9,5,5.192,2.192
"Chacin,  Gustavo",HOU,44,0,38.3,2,2,1,51,20,31,20,4.696,1.852
"Chacin,  Jhoulys",COL,28,21,137.3,9,11,0,114,61,138,50,3.277,1.274
"Chamberlain,  Joba",NYY,73,0,71.7,3,4,3,71,22,77,35,4.395,1.298
"Chapman,  Aroldis",CIN,15,0,13.3,2,2,0,9,5,19,3,2.025,1.050
"Chavez,  Jesse",KC,51,0,62.7,5,5,0,69,23,45,41,5.888,1.468
"Chen,  Bruce",KC,33,23,140.3,12,7,1,136,57,98,65,4.169,1.375
"Chico,  Matt",WSH,1,1,5.0,0,0,0,6,0,3,2,3.600,1.200
"Choate,  Randy",TB,85,0,44.7,4,3,0,41,17,40,21,4.231,1.299
"Cishek,  Steve",FLA,3,0,4.3,0,0,0,1,1,3,0,0.000,0.462
"Clippard,  Tyler",WSH,78,0,91.0,11,8,1,69,41,112,31,3.066,1.209
"Coello,  Robert",BOS,6,0,5.7,0,0,0,4,5,5,3,4.765,1.588
"Coffey,  Todd",MIL,69,0,62.3,2,4,0,65,23,56,33,4.765,1.412
"Coke,  Phil",DET,74,1,64.7,7,5,2,67,26,53,27,3.758,1.438
"Coleman,  Casey",CHC,12,8,57.0,4,2,0,56,25,27,26,4.105,1.421
"Colome,  Jesus",SEA,12,0,17.0,0,1,0,15,11,16,10,5.294,1.529
"Colon,  Roman",KC,5,0,2.0,0,0,0,5,2,1,4,18.000,3.500
"Contreras,  Jose",PHI,67,0,56.7,6,4,4,53,16,57,21,3.335,1.218
"Cook,  Aaron",COL,23,23,127.7,6,8,0,147,52,62,72,5.076,1.559
"Cordero,  Chad",NYM,9,0,9.7,0,1,0,10,5,6,7,6.517,1.552
"Cordero,  Francisco",CIN,75,0,72.7,6,5,40,68,36,59,31,3.839,1.431
"Cormier,  Lance",TB,60,0,62.0,4,3,0,68,34,30,27,3.919,1.645
"Corpas,  Manuel",COL,56,0,62.3,3,5,10,66,22,47,33,4.765,1.412
"Correia,  Kevin",SD,28,26,145.0,10,10,0,152,64,115,87,5.400,1.490
"Cortes,  Dan",SEA,4,0,5.3,0,1,0,3,3,6,2,3.375,1.125
"Crain,  Jesse",MIN,71,0,68.0,1,1,1,53,27,62,23,3.044,1.176
"Cramer,  Bobby",OAK,4,4,23.7,2,1,0,20,6,13,8,3.042,1.099
"Cruz,  Juan",KC,5,0,5.3,0,0,0,9,4,7,2,3.375,2.437
"Cueto,  Johnny",CIN,31,31,185.7,12,7,0,181,56,138,75,3.636,1.276
"Daigle,  Casey",HOU,13,0,10.3,1,1,0,25,6,6,13,11.323,3.000
"Daley,  Matt",COL,28,0,23.3,0,1,0,27,10,18,11,4.243,1.586
"Danks,  John",CHW,32,32,213.0,15,11,0,189,70,162,88,3.718,1.216
"Davies,  Kyle",KC,32,32,183.7,8,12,0,206,80,126,109,5.341,1.557
"Davis,  Doug",MIL,8,8,38.3,1,4,0,55,21,34,32,7.513,1.983
"Davis,  Wade",TB,29,29,168.0,12,10,0,165,62,113,76,4.071,1.351
"De La Rosa,  Jorge",COL,20,20,121.7,8,7,0,105,55,113,57,4.216,1.315
"Deduno,  Samuel",COL,4,0,2.7,0,0,0,3,1,3,1,3.375,1.500
"Del Rosario,  Enerio",HOU,11,0,10.0,1,1,0,17,4,4,5,4.500,2.100
"Delaney,  Rob",MIN,1,0,1.0,0,0,0,2,1,0,1,9.000,3.000
"Delcarmen,  Manny",COL,57,0,52.3,3,4,0,45,32,38,29,4.987,1.471
"Demel,  Samuel",AZ,37,0,37.0,2,1,2,42,12,33,22,5.351,1.459
"Dempster,  Ryan",CHC,34,34,215.3,15,12,0,198,86,208,92,3.845,1.319
"Dessens,  Elmer",NYM,53,0,47.0,4,2,0,41,16,16,12,2.298,1.213
"Detwiler,  Ross",WSH,8,5,29.7,1,3,0,34,14,17,14,4.247,1.618
"Diamond,  Thomas",CHC,16,3,29.0,1,3,0,33,18,36,22,6.828,1.759
"Dickey,  R.A.",NYM,27,26,174.3,11,9,0,165,42,104,55,2.839,1.187
"Donnelly,  Brendan",PIT,38,0,30.7,3,1,0,26,25,26,19,5.576,1.663
"Dotel,  Octavio",COL,68,0,64.0,3,4,22,52,32,75,29,4.078,1.313
"Doubront,  Felix",BOS,12,3,25.0,2,2,2,27,10,23,12,4.320,1.480
"Downs,  Scott",TOR,67,0,61.3,5,5,0,47,14,48,18,2.641,0.995
"Drabek,  Kyle",TOR,3,3,17.0,0,3,0,18,5,12,9,4.765,1.353
"Duchscherer,  Justin",OAK,5,5,28.0,2,1,0,26,12,18,9,2.893,1.357
"Duensing,  Brian",MIN,53,13,130.7,10,3,0,122,35,78,38,2.617,1.202
"Duke,  Zach",PIT,29,29,159.0,8,15,0,212,51,96,101,5.717,1.654
"Dunn,  Michael",ATL,25,0,19.0,2,0,0,15,17,27,4,1.895,1.684
"Durbin,  Chad",PHI,64,0,68.7,4,1,0,63,27,63,29,3.801,1.311
"Ekstrom,  Mike",TB,15,0,16.3,0,1,0,12,9,10,6,3.306,1.286
"Elbert,  Scott",LAD,1,0,0.7,0,0,0,1,3,0,1,13.499,6.000
"Ely,  John",LAD,18,18,100.0,4,10,0,105,40,76,61,5.490,1.450
"English,  Jesse",WSH,7,0,7.0,0,0,0,10,2,4,3,3.857,1.714
"Enright ,  Barry",AZ,17,17,99.0,6,7,0,97,29,49,43,3.909,1.273
"Escalona,  Edgmer",COL,5,0,6.0,0,0,0,4,4,2,1,1.500,1.333
"Estrada,  Marco",MIL,7,1,11.3,0,0,0,14,6,13,12,9.529,1.765
"Eveland,  Dana",PIT,12,10,54.3,3,5,0,72,32,24,41,6.791,1.914
"Farnsworth,  Kyle",ATL,60,0,64.7,3,2,0,55,19,61,24,3.340,1.144
"Feldman,  Scott",TEX,29,22,141.3,7,11,0,181,45,75,86,5.476,1.599
"Feliciano,  Pedro",NYM,92,0,62.7,3,6,0,66,30,56,23,3.303,1.532
"Feliz,  Neftali",TEX,70,0,69.3,4,3,40,43,18,71,21,2.726,0.880
"Fien,  Casey",DET,2,0,2.7,0,0,0,4,0,0,3,10.125,1.500
"Figaro,  Alfredo",DET,8,1,14.7,0,2,0,18,8,5,11,6.750,1.773
"Figueroa,  Nelson",HOU,31,11,93.0,7,4,1,84,34,73,34,3.290,1.269
"Fisher,  Carlos",CIN,18,0,22.3,1,1,0,22,13,21,14,5.642,1.567
"Fister,  Doug",SEA,28,28,171.0,6,14,0,187,32,93,78,4.105,1.281
"Flores,  Randy",MIN,58,0,31.0,2,0,0,32,15,20,11,3.194,1.516
"Floyd,  Gavin",CHW,31,31,187.3,10,13,0,199,58,151,85,4.084,1.372
"Fox,  Matthew",BOS,4,1,7.3,0,0,0,8,2,0,4,4.909,1.364
"Francis,  Jeff",COL,20,19,104.3,4,6,0,119,23,67,58,5.003,1.361
"Francisco,  Frank",TEX,56,0,52.7,6,4,2,49,18,60,22,3.759,1.272
"Franklin,  Ryan",STL,59,0,65.0,6,2,27,57,10,42,25,3.462,1.031
"Frasor,  Jason",TOR,69,0,63.7,3,4,4,61,27,65,26,3.675,1.382
"French,  Lucas",SEA,16,13,87.7,5,7,0,88,29,37,47,4.825,1.335
"Frieri,  Ernesto",SD,33,0,31.7,1,1,0,18,17,41,6,1.705,1.105
"Fuentes,  Brian",MIN,48,0,48.0,4,1,24,31,20,47,15,2.813,1.063
"Fulchino,  Jeff",HOU,50,0,47.3,2,1,0,53,22,46,29,5.514,1.585
"Gabino,  Armando ",BAL,5,0,4.7,0,0,0,9,3,2,7,13.500,2.571
"Galarraga,  Armando",DET,25,24,144.3,4,9,0,143,51,74,72,4.490,1.344
"Gallagher,  Sean",PIT,46,0,57.7,2,1,0,62,41,43,37,5.775,1.786
"Gallardo,  Yovani",MIL,31,31,185.0,14,7,0,178,75,200,79,3.843,1.368
"Garcia,  Freddy",CHW,28,28,157.0,12,6,0,171,45,89,81,4.643,1.376
"Garcia,  Jaime",STL,28,28,163.3,13,8,0,151,64,132,49,2.700,1.316
"Garland,  Jon",SD,33,33,200.0,14,12,0,176,87,136,77,3.465,1.315
"Garza,  Matt",TB,33,32,204.7,15,10,1,193,63,150,89,3.914,1.251
"Gaudin,  Chad",NYY,42,0,65.3,1,4,0,73,25,53,41,5.648,1.500
"Gee,  Dillon",NYM,5,5,33.0,2,2,0,25,15,17,8,2.182,1.212
"Germano,  Justin",CLE,23,1,35.3,0,3,0,27,8,29,13,3.311,0.991
"Gervacio,  Samuel",HOU,6,0,3.7,0,1,0,4,5,3,5,12.273,2.455
"Gomez,  Jeanmar",CLE,11,11,57.7,4,5,0,73,22,34,30,4.682,1.647
"Gonzalez,  Enrique",DET,18,0,26.0,0,1,0,21,17,13,11,3.808,1.462
"Gonzalez,  Gio",OAK,33,33,200.7,15,9,0,171,92,171,72,3.229,1.311
"Gonzalez,  Mike",BAL,29,0,24.7,1,3,1,18,14,31,11,4.014,1.297
"Gorzelanny,  Tom",CHC,29,23,136.3,7,9,1,136,68,119,62,4.093,1.496
"Grabow,  John",CHC,28,0,25.7,1,3,0,35,13,20,21,7.364,1.870
"Gray,  Jeff",CHC,7,0,9.3,1,0,0,12,5,4,7,6.750,1.821
"Green,  Sean",NYM,11,0,9.3,0,0,0,7,8,12,4,3.857,1.607
"Gregerson,  Luke",SD,80,0,78.3,4,7,2,47,18,89,28,3.217,0.830
"Gregg,  Kevin",TOR,63,0,59.0,2,6,37,52,30,58,23,3.508,1.390
"Greinke,  Zack",KC,33,33,220.0,10,14,0,219,55,181,102,4.173,1.245
"Guerrier,  Matt",MIN,74,0,71.0,5,7,1,56,22,42,25,3.169,1.099
"Guthrie,  Jeremy",BAL,32,32,209.3,11,14,0,193,50,119,89,3.826,1.161
"Gutierrez,  Juan",AZ,58,0,56.7,0,6,15,55,23,47,32,5.082,1.376
"Haeger,  Charles",LAD,9,6,30.0,0,4,0,36,26,30,28,8.400,2.067
"Halladay,  Roy",PHI,33,33,250.7,21,10,0,231,30,219,68,2.441,1.041
"Hamels,  Cole",PHI,33,33,208.7,12,11,0,185,61,211,71,3.062,1.179
"Hammel,  Jason",COL,30,30,177.7,10,9,0,201,47,141,95,4.812,1.396
"Hampton,  Mike",FA,10,0,4.3,0,0,0,3,1,3,0,0.000,0.923
"Hanrahan,  Joel",PIT,71,0,68.7,4,1,6,58,23,97,27,3.539,1.180
"Hanson,  Tommy",ATL,34,34,202.7,10,11,0,182,56,173,75,3.331,1.174
"Happ,  J.A.",HOU,16,16,87.3,6,4,0,73,47,70,33,3.401,1.374
"Harang,  Aaron",CIN,22,20,111.7,6,7,0,139,38,82,66,5.319,1.585
"Harden,  Rich",TEX,20,18,92.0,5,5,0,91,62,75,57,5.576,1.663
"Haren,  Dan",LAA,35,35,235.0,12,12,0,245,54,216,102,3.906,1.272
"Harrell,  Lucas",CHW,8,3,24.0,1,0,0,34,17,15,13,4.875,2.125
"Harrison,  Matt",TEX,37,6,78.3,3,2,2,80,39,46,41,4.711,1.519
"Hawkins,  Latroy",MIL,18,0,16.0,0,3,0,21,6,18,15,8.438,1.688
"Hawksworth,  Blake",STL,45,8,90.3,4,8,0,113,35,61,50,4.982,1.638
"Heilman,  Aaron",AZ,70,0,72.0,5,8,6,73,26,55,36,4.500,1.375
"Hellickson,  Jeremy",TB,10,4,36.3,4,0,0,32,8,33,14,3.468,1.101
"Hendrickson,  Mark",BAL,52,1,75.3,1,6,0,97,20,55,44,5.257,1.553
"Hensley,  Clay",FLA,68,0,75.0,3,4,7,54,29,77,18,2.160,1.107
"Hernandez,  David",BAL,41,8,79.3,8,8,2,72,42,72,38,4.311,1.437
"Hernandez,  Felix",SEA,34,34,249.7,13,12,0,194,70,232,63,2.271,1.057
"Hernandez,  Livan",WSH,33,33,211.7,10,12,0,216,64,114,86,3.657,1.323
"Herndon,  David",PHI,47,0,52.3,1,3,0,67,17,29,25,4.299,1.605
"Herrera,  Danny",CIN,36,0,23.0,1,3,0,31,6,14,10,3.913,1.609
"Herrmann,  Frank",CLE,40,0,44.7,0,1,1,48,9,24,20,4.030,1.276
"Hill,  Rich",BOS,6,0,4.0,1,0,0,5,1,3,0,0.000,1.500
"Hill,  Shawn",TOR,4,4,20.7,1,2,0,24,4,14,6,2.613,1.355
"Hochevar,  Luke",KC,18,17,103.0,6,6,0,110,37,76,55,4.806,1.427
"Hoffman,  Trevor",MIL,50,0,47.3,2,7,10,49,19,30,31,5.894,1.437
"Holland,  Derek",TEX,14,10,57.3,3,4,0,55,24,54,26,4.081,1.378
"Holland,  Greg",KC,15,0,18.7,0,1,0,23,8,23,14,6.750,1.661
"Houser,  James",FLA,1,0,1.3,0,0,0,3,1,1,3,20.251,3.000
"Howry,  Bobby",CHC,38,0,35.0,1,3,0,47,13,14,30,7.714,1.714
"Hudson,  Daniel",AZ,14,14,95.3,8,2,0,68,27,84,26,2.455,0.997
"Hudson,  Tim",ATL,34,34,228.7,17,9,0,189,74,139,72,2.834,1.150
"Huff,  David",CLE,15,15,79.7,2,11,0,101,34,37,55,6.213,1.695
"Hughes,  Dusty",KC,57,0,56.3,1,3,0,59,24,34,24,3.834,1.473
"Hughes,  Phil",NYY,31,29,176.3,18,8,0,162,58,146,82,4.185,1.248
"Humber,  Philip",KC,8,1,21.7,2,1,0,22,7,16,10,4.154,1.338
"Hunter,  Tommy",TEX,23,22,128.0,13,4,0,126,33,68,53,3.727,1.242
"Igarashi,  Ryota",NYM,34,0,30.3,1,1,0,29,18,25,24,7.121,1.549
"Infante,  Gregory",CHW,5,0,4.7,0,0,0,2,4,5,0,0.000,1.286
"Jackson,  Edwin",CHW,32,32,209.3,10,12,0,214,78,181,104,4.471,1.395
"Jackson,  Steven",PIT,11,0,11.3,0,1,0,17,6,7,11,8.735,2.029
"Jakubauskas,  Chris",PIT,1,1,0.7,0,1,0,2,0,0,2,26.999,3.000
"James,  Justin",OAK,5,0,4.0,0,0,0,7,4,5,2,4.500,2.750
"Jansen,  Kenley",LAD,25,0,27.0,1,0,4,12,15,41,2,0.667,1.000
"Janssen,  Casey",TOR,56,0,68.7,5,2,0,74,21,63,28,3.670,1.383
"Jeffress,  Jeremy",MIL,10,0,10.0,1,0,0,8,6,8,4,3.600,1.400
"Jenks,  Bobby",CHW,55,0,52.7,1,3,27,54,18,61,26,4.443,1.367
"Jepsen,  Kevin",LAA,68,0,59.0,2,4,0,54,29,61,26,3.966,1.407
"Jimenez,  Ubaldo",COL,33,33,221.7,19,8,0,163,92,214,70,2.842,1.150
"Joaquin,  Waldis",SF,4,0,4.7,0,0,0,6,7,2,5,9.643,2.786
"Johnson,  James",BAL,26,0,26.3,1,1,1,32,5,22,10,3.418,1.405
"Johnson,  Josh",FLA,28,28,183.7,11,6,0,155,48,186,47,2.303,1.105
"Jones,  Hunter",FLA,3,0,1.7,0,0,0,0,1,3,0,0.000,0.600
"Jurrjens,  Jair",ATL,20,20,116.3,7,6,0,120,42,86,60,4.642,1.393
"Karstens,  Jeffrey",PIT,26,19,122.7,3,10,0,146,27,72,67,4.916,1.410
"Kawakami,  Kenshin",ATL,18,16,87.3,1,10,0,98,32,59,50,5.153,1.489
"Kazmir,  Scott",LAA,28,28,150.0,9,15,0,158,79,93,99,5.940,1.580
"Kelley,  Shawn",SEA,22,0,25.0,3,1,0,26,12,26,11,3.960,1.520
"Kendrick,  Kyle",PHI,33,31,180.7,11,10,0,199,49,84,95,4.732,1.373
"Kennedy,  Ian",AZ,32,32,194.0,9,10,0,163,70,168,82,3.804,1.201
"Kershaw,  Clayton",LAD,32,32,204.3,13,10,0,160,81,212,66,2.907,1.179
"Kilby,  Brad",OAK,5,0,8.3,0,0,0,7,0,8,2,2.160,0.840
"Kimbrel,  Craig",ATL,21,0,20.7,4,0,1,9,16,40,1,0.435,1.210
"Kintzler,  Brandon",MIL,7,0,7.3,0,1,0,10,4,9,6,7.364,1.909
"Kirkman,  Michael",TEX,14,0,16.3,0,0,0,9,10,16,3,1.653,1.163
"Kohn,  Michael",LAA,24,0,21.3,2,0,1,17,16,20,5,2.109,1.547
"Kroenke,  Zach",AZ,3,1,6.7,1,0,0,9,4,2,5,6.750,1.950
"Kuo,  Hong-Chih",LAD,56,0,60.0,3,2,12,29,18,73,8,1.200,0.783
"Kuroda,  Hiroki",LAD,31,31,196.3,11,13,0,180,48,159,74,3.392,1.161
"Lackey,  John",BOS,33,33,215.0,14,11,0,233,72,156,105,4.395,1.419
"Laffey,  Aaron",CLE,29,5,55.7,2,3,0,62,28,28,28,4.527,1.617
"Lannan,  John",WSH,25,25,143.3,8,8,0,175,49,71,74,4.647,1.563
"Latos,  Mat",SD,31,31,184.7,14,10,0,150,50,189,60,2.924,1.083
"League,  Brandon",SEA,70,0,79.0,9,7,6,67,27,56,30,3.418,1.190
"Leake,  Mike",CIN,24,22,138.3,8,4,0,159,49,91,71,4.619,1.504
"LeBlanc,  Wade",SD,26,25,146.0,8,12,0,157,51,110,69,4.253,1.425
"Lecure,  Sam",CIN,15,6,48.0,2,5,0,50,25,37,24,4.500,1.563
"Ledezma,  Wilfredo",PIT,27,0,19.7,0,3,0,25,6,22,15,6.864,1.576
"Lee,  Cliff",TEX,28,28,212.3,12,9,0,195,18,185,75,3.179,1.003
"Lerew,  Anthony",KC,6,6,26.3,1,4,0,34,9,18,25,8.544,1.633
"Leroux,  Christopher",PIT,23,0,22.7,0,1,0,28,14,22,17,6.750,1.853
"Lester,  Jon",BOS,32,32,208.0,19,9,0,167,83,225,75,3.245,1.202
"Lewis,  Colby",TEX,32,32,201.0,12,13,0,174,65,196,83,3.716,1.189
"Lewis,  Jensen",CLE,37,0,36.3,4,2,0,28,19,29,12,2.972,1.294
"Lewis,  Rommie",TOR,14,0,18.7,0,0,0,20,8,15,14,6.750,1.500
"Lidge,  Brad",PHI,50,0,45.7,1,1,27,32,24,52,15,2.956,1.226
"Lilly,  Ted",LAD,30,30,193.7,10,12,0,165,44,166,78,3.625,1.079
"Lincecum,  Tim",SF,33,33,212.3,16,10,0,194,76,231,81,3.433,1.272
"Lincoln,  Brad",PIT,11,9,52.7,1,4,0,66,15,25,39,6.665,1.538
"Lincoln,  Mike",CIN,19,0,19.7,1,0,0,25,10,12,16,7.322,1.780
"Lindstrom,  Matt",HOU,58,0,53.3,2,5,23,68,20,43,26,4.387,1.650
"Linebrink,  Scott",CHW,52,0,57.3,3,2,0,59,17,52,28,4.395,1.326
"Link,  Jon",LAD,9,0,8.7,0,0,0,12,4,4,4,4.154,1.846
"Liriano,  Francisco",MIN,31,31,191.7,14,10,0,184,58,201,77,3.616,1.263
"Litsch,  Jesse",TOR,9,9,46.7,1,5,0,53,15,16,30,5.786,1.457
"Loe,  Kameron",MIL,53,0,58.3,3,5,0,54,15,46,18,2.777,1.183
"Logan,  Boone",NYY,51,0,40.0,2,0,0,34,20,38,13,2.925,1.350
"Lohse,  Kyle",STL,18,18,92.0,4,8,0,129,35,54,67,6.554,1.783
"Lopez,  Javier",SF,76,0,56.7,4,2,0,49,20,37,15,2.382,1.218
"Lopez,  Rodrigo",AZ,33,33,200.0,7,16,0,227,56,116,111,4.995,1.415
"Lopez,  Wilton",HOU,68,0,67.0,5,2,1,66,5,50,22,2.955,1.060
"Lowe,  Derek",ATL,32,32,188.7,15,12,0,199,57,131,84,4.007,1.357
"Lowe,  Mark",TEX,14,0,13.3,1,3,0,18,6,12,8,5.400,1.800
"Luebke,  Cory",SD,4,3,17.7,1,1,0,17,6,18,8,4.075,1.302
"Lyon,  Brandon",HOU,79,0,78.0,6,6,20,68,31,54,27,3.115,1.269
"MacDougal,  Mike",STL,17,0,18.7,1,1,0,23,12,14,15,7.232,1.875
"MacLane,  Evan",STL,2,0,1.0,0,1,0,1,1,0,1,9.000,2.000
"Madson,  Ryan",PHI,55,0,53.0,6,2,5,42,13,64,15,2.547,1.038
"Mahay,  Ron",MIN,41,0,34.0,1,1,0,33,8,25,13,3.441,1.206
"Maholm,  Paul",PIT,32,32,185.3,9,15,0,228,62,102,105,5.099,1.565
"Maine,  John",NYM,9,9,39.7,1,3,0,47,25,39,27,6.126,1.815
"Maine,  Scott",CHC,13,0,13.0,0,0,0,9,5,11,3,2.077,1.077
"Majewski,  Gary",HOU,2,0,2.0,0,0,0,5,1,1,5,22.500,3.000
"Maloney,  Matt",CIN,7,2,20.7,2,2,0,20,5,13,7,3.048,1.210
"Manship,  Jeff",MIN,13,1,29.0,2,1,0,34,6,21,17,5.276,1.379
"Manuel,  Robert",BOS,10,0,12.7,1,0,0,10,7,5,6,4.263,1.342
"Marcum,  Shaun",TOR,31,31,195.3,13,8,0,181,43,168,79,3.640,1.147
"Marmol,  Carlos",CHC,77,0,77.7,2,3,38,40,52,138,22,2.549,1.185
"Marquez,  Jeffrey",CHW,1,0,1.0,0,0,0,2,0,0,2,18.000,2.000
"Marquis,  Jason",WSH,13,13,58.7,2,9,0,76,24,31,43,6.597,1.705
"Marshall,  Sean",CHC,80,0,74.7,7,5,1,58,25,90,22,2.652,1.112
"Marte,  Damaso",NYY,30,0,17.7,0,0,0,10,11,12,8,4.076,1.189
"Marte,  Victor",KC,22,0,27.7,3,0,0,38,15,19,30,9.759,1.916
"Martin,  J.D.",WSH,9,9,48.0,1,5,0,56,11,31,22,4.125,1.396
"Martinez,  Christhian",ATL,18,0,26.0,0,0,0,28,6,22,14,4.846,1.308
"Martinez,  Joe",PIT,9,1,19.7,0,1,0,26,9,9,9,4.119,1.780
"Masset,  Nick",CIN,82,0,76.7,4,4,2,65,33,85,29,3.404,1.278
"Masterson,  Justin",CLE,34,29,180.0,6,13,0,197,73,140,94,4.700,1.500
"Mata,  Frank",BAL,15,0,17.3,0,0,0,24,8,9,15,7.789,1.846
"Mateo,  Marcos",CHC,21,0,21.7,0,1,0,20,9,26,14,5.815,1.338
"Mathieson,  Scott",PHI,2,0,1.7,0,0,0,5,2,1,2,10.800,4.200
"Mathis,  Doug",TEX,13,0,22.3,1,1,0,30,11,10,15,6.045,1.836
"Matsuzaka,  Daisuke",BOS,25,25,153.7,9,6,0,137,74,133,80,4.685,1.373
"Matusz,  Brian",BAL,32,32,175.7,10,12,0,173,63,143,84,4.304,1.343
"Maya,  Yunesky",WSH,5,5,26.0,0,3,0,30,11,12,17,5.885,1.577
"Mazzaro,  Vin",OAK,24,18,122.3,6,8,0,127,50,79,58,4.267,1.447
"McClellan,  Kyle",STL,68,0,75.3,1,4,2,58,23,60,19,2.270,1.075
"McClendon,  Mike",MIL,17,0,21.0,2,0,0,15,7,21,7,3.000,1.048
"McCutchen,  Daniel ",PIT,28,9,67.7,2,5,0,83,28,38,46,6.118,1.640
"McDonald,  James",PIT,15,12,71.7,4,6,0,70,29,68,32,4.019,1.381
"McGee,  Jake",TB,8,0,5.0,0,0,0,2,3,6,1,1.800,1.000
"Meche,  Gil",KC,20,9,61.7,0,5,0,65,38,41,39,5.692,1.670
"Medders,  Brandon",SF,14,0,15.0,0,0,0,26,6,8,12,7.200,2.133
"Medlen,  Kris",ATL,31,14,107.7,6,2,0,108,21,83,44,3.678,1.198
"Meek,  Evan",PIT,69,0,79.0,5,4,4,53,31,70,19,2.165,1.063
"Mejia,  Jenrry",NYM,33,3,39.0,0,4,0,46,20,22,20,4.615,1.692
"Melancon,  Mark",HOU,22,0,21.3,2,0,0,19,8,22,10,4.219,1.266
"Mendez,  Adalberto",FLA,5,5,24.7,1,3,0,28,12,11,14,5.108,1.622
"Mendoza,  Luis",KC,4,0,4.0,0,1,0,10,3,1,10,22.499,3.250
"Meredith,  Cla",FA,21,0,15.0,0,2,1,18,4,7,9,5.400,1.467
"Meyer,  Dan",FLA,13,0,9.3,0,1,0,15,12,4,10,9.643,2.893
"Mickolio,  Kam",BAL,3,0,3.7,0,0,0,5,3,4,3,7.364,2.182
"Mijares,  Jose",MIN,47,0,32.7,1,1,0,34,9,28,12,3.306,1.316
"Miller,  Andrew",FLA,9,7,32.7,1,5,0,51,26,28,31,8.541,2.357
"Miller,  Justin",LAD,19,0,24.3,0,0,0,22,8,30,12,4.438,1.233
"Miller,  Trever",STL,57,0,36.0,0,1,0,30,16,22,16,4.000,1.278
"Mills,  Brad",TOR,7,3,22.3,1,0,0,20,13,18,14,5.642,1.478
"Millwood,  Kevin",BAL,31,31,190.7,4,16,0,223,65,132,108,5.098,1.510
"Misch,  Patrick",NYM,12,6,37.7,0,4,0,43,4,23,16,3.823,1.248
"Mitre,  Sergio",NYY,27,3,54.0,0,3,1,43,16,29,20,3.333,1.093
"Mock,  Garrett",WSH,1,1,3.3,0,0,0,4,5,3,2,5.400,2.700
"Moehler,  Brian",HOU,20,8,56.7,1,4,0,66,26,28,31,4.924,1.624
"Monasterios,  Carlos",LAD,32,13,88.3,3,5,0,99,29,52,43,4.381,1.449
"Morales,  Franklin",COL,35,0,28.7,0,4,3,28,24,27,20,6.279,1.814
"Morrow,  Brandon",TOR,26,26,146.3,10,7,0,136,66,178,73,4.490,1.380
"Mortensen,  Clayton",OAK,1,1,6.0,0,0,0,6,2,7,3,4.500,1.333
"Morton,  Charlie",PIT,16,16,73.7,2,11,0,106,23,56,65,7.941,1.751
"Moscoso,  Guillermo",TEX,1,0,0.7,0,0,0,2,2,2,2,26.999,6.000
"Moseley,  Dustin",NYY,16,9,65.3,4,4,0,66,27,33,36,4.959,1.423
"Mota,  Guillermo",SF,56,0,54.0,1,3,1,49,22,38,26,4.333,1.315
"Motte,  Jason",STL,56,0,52.3,4,2,2,41,18,54,13,2.236,1.127
"Moyer,  Jamie",PHI,19,19,111.7,9,9,0,103,20,63,60,4.836,1.101
"Moylan,  Peter",ATL,84,0,62.3,6,2,1,52,36,52,21,3.032,1.412
"Mujica,  Edward",SD,59,0,69.7,2,1,0,59,6,72,28,3.617,0.933
"Mulvey ,  Kevin",AZ,2,0,3.0,0,0,0,5,2,1,2,6.000,2.333
"Myers,  Brett",HOU,33,33,223.7,14,8,0,212,66,180,78,3.139,1.243
"Narveson,  Chris",MIL,37,28,167.7,12,9,0,172,59,137,93,4.992,1.378
"Nelson,  Joe",FA,8,0,8.3,0,0,0,14,6,9,9,9.720,2.400
"Neshek,  Pat",MIN,11,0,9.0,0,1,0,7,8,9,5,5.000,1.667
"Ni,  Fu-Te",DET,22,0,23.0,0,1,0,27,19,22,17,6.652,2.000
"Niemann,  Jeff",TB,30,29,174.3,12,8,0,159,61,131,85,4.388,1.262
"Niese,  Jon",NYM,30,30,173.7,9,10,0,192,62,148,81,4.198,1.463
"Nieve,  Fernando",NYM,40,1,42.0,2,4,0,37,22,38,28,6.000,1.405
"Nippert,  Dustin",TEX,38,2,56.7,4,5,0,61,34,47,27,4.288,1.676
"Nolasco,  Ricky",FLA,26,26,157.7,14,9,0,169,33,147,79,4.510,1.281
"Norberto,  Jordan",AZ,33,0,20.0,0,2,0,16,22,15,13,5.850,1.900
"Norris,  Bud",HOU,27,27,153.7,9,10,0,151,77,158,84,4.920,1.484
"Nova,  Ivan",NYY,10,7,42.0,1,2,0,44,17,26,21,4.500,1.452
"Nunez,  Leo",FLA,68,0,65.0,4,3,30,62,21,71,25,3.462,1.277
"O'Day,  Darren",TEX,72,0,62.0,6,2,0,43,12,45,14,2.032,0.887
"O'Flaherty,  Eric",ATL,56,0,43.7,3,2,0,36,18,35,12,2.473,1.237
"Ogando,  Alexi",TEX,44,0,41.7,4,1,0,31,16,39,6,1.296,1.128
"Ohlendorf,  Ross",PIT,21,21,108.3,1,11,0,106,44,79,49,4.071,1.385
"Ohman,  Will",FLA,68,0,42.0,0,2,0,40,23,43,15,3.214,1.500
"Okajima,  Hideki",BOS,56,0,46.0,4,4,0,59,20,33,23,4.500,1.717
"Oliver,  Andrew",DET,5,5,22.0,0,4,0,26,13,18,18,7.364,1.773
"Oliver,  Darren",TEX,64,0,61.7,1,2,1,53,15,65,17,2.481,1.103
"Olsen,  Scott",WSH,17,15,81.0,4,8,0,93,27,53,50,5.556,1.481
"Olson,  Garrett",SEA,35,0,37.7,0,3,1,42,15,31,19,4.540,1.513
"Ondrusek,  Logan",CIN,60,0,58.7,5,0,0,49,20,39,24,3.682,1.176
"Ortiz,  Ramon",NYM,16,2,30.0,1,2,0,33,16,21,21,6.300,1.633
"Ortiz,  Russ",LAD,6,0,7.0,0,1,0,10,5,6,8,10.286,2.143
"O'Sullivan,  Sean",KC,19,14,83.7,4,6,0,90,31,43,51,5.486,1.446
"Oswalt,  Roy",PHI,33,32,211.7,13,13,0,162,55,193,65,2.764,1.025
"Ottavino,  Adam",STL,5,3,22.3,0,2,0,37,9,12,21,8.463,2.060
"Owings,  Micah",CIN,22,0,33.3,3,2,0,28,25,35,20,5.400,1.590
"Padilla,  Vicente",LAD,16,16,95.0,6,5,0,79,24,84,43,4.074,1.084
"Palmer,  Matt",LAA,14,1,33.7,1,2,0,38,20,17,17,4.545,1.723
"Papelbon,  Jonathan",BOS,65,0,67.0,5,7,37,57,28,76,29,3.896,1.269
"Park,  Chan Ho",PIT,53,0,63.7,4,3,0,65,19,52,33,4.665,1.319
"Parnell,  Bobby",NYM,41,0,35.0,0,1,0,41,8,33,11,2.829,1.400
"Parra,  Manny",MIL,42,16,122.0,3,10,0,135,63,129,68,5.016,1.623
"Parrish,  John",KC,9,0,6.0,1,1,0,4,5,4,2,3.000,1.500
"Patton,  Troy",BAL,1,0,0.7,0,0,0,1,1,1,0,0.000,3.000
"Pauley,  David",BAL,19,15,90.7,4,9,0,89,30,51,41,4.070,1.312
"Paulino,  Felipe",HOU,19,14,91.7,1,9,0,95,46,83,52,5.105,1.538
"Pavano,  Carl",MIN,32,32,221.0,17,11,0,227,37,117,92,3.747,1.195
"Peavy,  Jake",CHW,17,17,107.0,7,6,0,98,34,93,55,4.626,1.234
"Pelfrey,  Mike",NYM,34,33,204.0,15,9,1,213,68,113,83,3.662,1.377
"Pena,  Tony",CHW,52,3,100.7,5,3,0,108,45,56,57,5.096,1.520
"Penn,  Hayden",PIT,3,0,2.3,0,0,0,8,3,0,8,30.858,4.714
"Penny,  Brad",STL,9,9,55.7,3,4,0,63,9,35,20,3.234,1.293
"Peralta,  Joel",WSH,39,0,49.0,1,0,0,30,9,49,11,2.020,0.796
"Perdomo,  Luis",SD,1,0,1.0,0,0,0,1,0,0,1,9.000,1.000
"Perez,  Chris",CLE,63,0,63.0,2,2,23,40,28,61,12,1.714,1.079
"Perez,  Oliver",NYM,17,7,46.3,0,5,0,54,42,37,35,6.799,2.072
"Perez,  Rafael",CLE,70,0,61.0,6,1,0,72,25,36,22,3.246,1.590
"Perkins,  Glen",MIN,13,1,21.7,1,1,0,29,5,14,14,5.815,1.569
"Perry,  Ryan",DET,60,0,62.7,3,5,2,55,23,45,25,3.590,1.245
"Pestano,  Vinnie",CLE,5,0,5.0,0,0,1,4,5,8,2,3.600,1.800
"Pettitte,  Andy",NYY,21,21,129.0,11,3,0,123,41,101,47,3.279,1.271
"Pineiro,  Joel",LAA,23,23,152.3,10,7,0,155,34,92,65,3.840,1.241
"Pinto,  Renyel",STL,20,0,16.7,0,0,0,16,9,16,5,2.700,1.500
"Porcello,  Rick",DET,27,27,162.7,10,12,0,188,38,84,89,4.924,1.389
"Price,  David",TB,32,31,208.7,19,6,0,170,79,188,63,2.717,1.193
"Proctor,  Scott",ATL,6,0,5.7,0,0,0,4,4,6,4,6.353,1.412
"Purcey,  David",TOR,33,0,34.0,1,1,1,26,15,32,14,3.706,1.206
"Putz,  J.J.",CHW,60,0,54.0,7,5,3,41,15,65,17,2.833,1.037
"Qualls,  Chad",TB,70,0,59.0,3,4,12,85,21,49,48,7.322,1.797
"Ramirez,  Edwar",OAK,7,0,11.0,1,0,0,9,10,10,6,4.909,1.727
"Ramirez,  Ramon",BOS,70,0,71.3,1,3,3,52,27,48,23,2.902,1.107
"Ramos,  Cesar",SD,14,0,8.3,0,1,0,18,4,9,11,11.880,2.640
"Rapada,  Clay",TEX,13,0,9.0,0,0,0,6,7,5,4,4.000,1.444
"Rauch,  Jon",MIN,59,0,57.7,3,1,21,61,14,46,20,3.121,1.301
"Ray,  Chris",SF,63,0,55.7,5,0,2,48,25,31,23,3.719,1.311
"Ray,  Robert",TOR,3,0,3.7,0,0,0,2,5,3,1,2.455,1.909
"Resop,  Chris",PIT,23,0,21.0,0,0,0,15,13,26,9,3.857,1.333
"Reyes,  Dennys",STL,59,0,38.0,3,1,1,34,21,25,15,3.553,1.447
"Reyes,  Jo-Jo",TOR,1,0,3.3,0,0,0,10,3,2,9,24.300,3.900
"Reynolds,  Matt",FLA,21,0,18.0,1,0,0,10,5,17,4,2.000,0.833
"Rhodes,  Arthur",CIN,70,0,55.0,4,4,0,38,18,50,14,2.291,1.018
"Richard,  Clayton",SD,33,33,201.7,14,9,0,206,78,153,84,3.749,1.408
"Richardson,  Dustin",BOS,26,0,13.0,0,0,0,15,14,12,6,4.154,2.231
"Rincon,  Juan",COL,2,0,2.0,0,0,0,3,2,3,1,4.500,2.500
"Ring,  Royce",NYY,5,0,2.3,0,0,0,3,2,2,4,15.429,2.143
"Riske,  David",FA,23,0,23.3,0,0,0,25,8,16,13,5.014,1.414
"Rivera,  Mariano",NYY,60,0,59.0,3,3,32,39,11,45,12,1.831,0.847
"Rivera,  Saul",AZ,4,0,3.7,0,0,0,11,3,1,9,22.091,3.818
"Robertson,  David",NYY,64,0,61.3,4,5,1,59,33,71,26,3.815,1.500
"Robertson,  Nate",PHI,21,18,101.3,6,8,0,115,42,63,67,5.951,1.549
"Rodney,  Fernando",LAA,72,0,68.0,4,3,14,69,35,53,31,4.103,1.529
"Rodriguez,  Francisco",NYM,66,0,71.3,3,4,14,69,37,63,31,3.911,1.486
"Rodriguez,  Francisco",LAA,30,0,33.3,2,1,11,22,10,40,6,1.620,0.960
"Rodriguez,  Henry",OAK,29,0,27.7,1,0,0,25,13,33,14,4.554,1.373
"Rodriguez,  Rafael ",AZ,3,0,4.7,0,0,0,5,3,3,3,5.786,1.714
"Rodriguez,  Wandy",HOU,32,32,195.0,11,12,0,184,68,178,79,3.646,1.292
"Roenicke,  Josh",TOR,16,0,19.0,1,0,0,18,13,18,12,5.684,1.632
"Rogers,  Esmil",COL,28,8,72.0,2,3,0,94,26,66,49,6.125,1.667
"Rogers,  Mark",MIL,4,2,10.0,0,0,0,2,3,11,2,1.800,0.500
"Romero,  J.C.",PHI,60,0,36.7,1,0,3,30,29,28,15,3.682,1.609
"Romero,  Ricky",TOR,32,32,210.0,14,9,0,189,82,174,87,3.729,1.290
"Romo,  Sergio",SF,68,0,62.0,5,3,0,46,14,70,15,2.177,0.968
"Rosa,  Carlos",AZ,22,0,20.0,0,2,0,20,12,9,10,4.500,1.600
"Rosales,  Leo",AZ,16,0,16.3,2,0,0,25,9,12,13,7.163,2.082
"Rosario,  Sandy",FLA,2,0,1.0,0,0,0,9,1,0,6,54.000,10.000
"Ross,  Tyson",OAK,26,2,39.3,1,4,1,39,20,32,24,5.492,1.500
"Rowland-Smith,  Ryan",SEA,27,20,109.3,1,10,0,141,44,49,82,6.750,1.692
"Runzler,  Dan",SF,41,0,32.7,3,0,0,29,20,37,11,3.031,1.500
"Rupe,  Josh",KC,11,0,9.7,1,1,0,14,7,8,6,5.586,2.172
"Russell,  Adam",SD,12,0,15.7,0,0,0,14,5,18,7,4.021,1.213
"Russell,  James",CHC,57,0,49.0,1,1,0,56,11,42,28,5.143,1.367
"Rzepczynski,  Marc",TOR,14,12,63.7,4,4,0,72,30,57,35,4.948,1.602
"Sabathia,  C.C.",NYY,34,34,237.7,21,7,0,209,74,197,84,3.181,1.191
"Saito,  Takashi",ATL,55,0,52.7,2,3,1,39,16,66,17,2.905,1.044
"Salas,  Fernando",STL,27,0,30.7,0,0,0,28,15,29,12,3.522,1.402
"Sale,  Chris",CHW,21,0,23.3,2,1,4,15,10,32,5,1.929,1.071
"Samardzija,  Jeff",CHC,7,3,19.3,2,2,0,21,20,9,18,8.379,2.121
"Sampson,  Chris",HOU,35,0,30.3,1,0,0,43,8,16,20,5.934,1.681
"Sanches,  Brian",FLA,61,0,63.7,2,2,0,43,27,54,16,2.262,1.099
"Sanchez,  Anibal",FLA,32,32,195.0,13,12,0,192,70,157,77,3.554,1.344
"Sanchez,  Jonathan",SF,34,33,193.0,13,9,0,142,96,205,66,3.078,1.233
"Sanchez,  Romulo",NYY,2,0,4.3,0,0,0,1,3,5,0,0.000,0.923
"Santana,  Ervin",LAA,33,33,222.7,17,10,0,221,73,169,97,3.921,1.320
"Santana,  Johan",NYM,29,29,199.0,11,9,0,179,55,144,66,2.985,1.176
"Santos,  Sergio",CHW,56,0,51.7,2,2,1,53,26,56,17,2.961,1.529
"Saunders,  Joe",AZ,33,33,203.3,9,17,0,232,64,114,101,4.470,1.456
"Sborz,  Jay",DET,1,0,0.7,0,0,0,3,0,1,5,67.497,4.500
"Scherzer,  Max",DET,31,31,195.7,12,11,0,174,70,184,76,3.496,1.247
"Schlereth,  Daniel",DET,18,0,18.7,2,0,1,20,10,19,6,2.893,1.607
"Schlichting,  Travis",LAD,14,0,22.7,1,0,0,20,10,14,9,3.574,1.324
"Schlitter,  Brian",CHC,7,0,8.0,0,1,0,18,5,7,11,12.375,2.875
"Schoeneweis,  Scott",BOS,15,0,13.7,1,0,0,19,10,13,12,7.902,2.122
"Seddon,  Chris",SEA,14,0,22.3,1,0,0,21,10,16,14,5.642,1.388
"Sheets,  Ben",OAK,20,20,119.3,4,9,0,123,43,84,60,4.525,1.391
"Sherrill,  George",LAD,65,0,36.3,2,2,0,46,24,25,27,6.688,1.927
"Shields,  James",TB,35,34,210.0,14,15,0,255,52,194,121,5.186,1.462
"Shields,  Scot",LAA,43,1,46.0,0,3,0,45,34,39,27,5.283,1.717
"Silva,  Carlos",CHC,21,21,113.0,10,6,0,120,24,80,53,4.221,1.274
"Simon,  Alfredo",BAL,49,0,49.3,4,2,17,54,22,37,27,4.926,1.541
"Sinkbeil,  Brett",FLA,3,0,2.0,0,0,0,2,5,1,3,13.500,3.500
"Sipp,  Tony",CLE,70,0,63.0,2,2,1,48,39,69,29,4.143,1.381
"Slama,  Anthony",MIN,5,0,4.7,0,1,0,6,5,5,4,7.714,2.357
"Slaten,  Doug",WSH,49,0,40.7,4,1,0,34,19,36,14,3.098,1.303
"Slowey,  Kevin",MIN,30,28,155.7,13,6,0,172,29,116,77,4.452,1.291
"Smith,  Chris",MIL,3,0,3.3,0,0,0,4,1,4,2,5.400,1.500
"Smith,  Greg",COL,8,8,39.0,1,2,0,49,24,31,27,6.231,1.872
"Smith,  Joe",CLE,53,0,40.0,2,2,0,30,24,32,17,3.825,1.350
"Smith,  Jordan",CIN,37,0,42.0,3,2,1,45,11,26,18,3.857,1.333
"Snell,  Ian",SEA,12,8,46.3,0,5,0,60,25,26,33,6.410,1.835
"Sonnanstine,  Andrew",TB,42,4,81.0,3,1,1,84,27,50,41,4.556,1.370
"Soria,  Joakim",KC,66,0,65.7,1,2,43,53,16,71,13,1.782,1.051
"Soriano,  Rafael",TB,64,0,62.3,3,2,45,36,14,57,12,1.733,0.802
"Sosa,  Jorge",FLA,22,2,36.7,2,3,0,39,18,19,19,4.664,1.555
"Springer,  Russ",CIN,2,0,1.7,0,0,0,2,0,1,1,5.400,1.200
"Stammen,  Craig",WSH,35,19,128.0,4,4,0,151,41,85,73,5.133,1.500
"Stange,  Daniel",AZ,4,0,4.0,0,0,0,4,6,2,6,13.500,2.500
"Stauffer,  Tim",SD,32,7,82.7,6,5,0,65,24,61,17,1.851,1.077
"Stetter,  Mitch",MIL,9,0,3.7,0,0,0,7,3,3,6,14.728,2.727
"Stevens,  Jeff",CHC,18,0,18.7,0,0,0,21,10,15,12,5.786,1.661
"Stokes,  Brian",FA,16,0,16.7,0,0,0,26,16,16,15,8.100,2.520
"Stoner,  Tobi",NYM,1,0,2.3,0,1,0,3,1,0,1,3.857,1.714
"Storen,  Drew",WSH,54,0,55.3,4,4,5,48,22,52,22,3.578,1.265
"Strasburg,  Stephen",WSH,12,12,68.0,5,3,0,56,17,92,22,2.912,1.074
"Street,  Huston",COL,44,0,47.3,4,4,20,39,11,45,19,3.613,1.056
"Strickland,  Scott",FLA,3,0,2.0,0,0,0,5,1,0,2,9.000,3.000
"Strop,  Pedro",TEX,15,0,10.7,0,0,0,17,11,11,12,10.125,2.625
"Suppan,  Jeff",STL,30,15,101.3,3,8,0,130,37,51,57,5.063,1.648
"Sweeney,  Brian",FA,24,0,37.0,1,2,0,33,6,14,13,3.162,1.054
"Takahashi,  Hisanori",NYM,53,12,122.0,10,6,8,116,43,114,49,3.615,1.303
"Talbot,  Mitch",CLE,28,28,159.3,10,13,0,169,69,88,78,4.406,1.494
"Tallet,  Brian",TOR,34,5,77.3,2,6,0,84,38,53,55,6.401,1.578
"Tankersley,  Taylor",FLA,27,0,12.0,0,0,0,12,7,7,10,7.500,1.583
"Taschner,  Jack",LAD,20,0,19.7,1,0,0,23,11,17,14,6.407,1.729
"Tejeda,  Robinson",KC,54,0,61.0,3,5,0,55,26,56,24,3.541,1.328
"Texeira,  Kanekoa",KC,43,0,61.3,1,1,0,73,25,33,33,4.842,1.598
"Thatcher,  Joe",SD,65,0,35.0,1,0,0,23,7,45,5,1.286,0.857
"Thayer,  Dale",TB,1,0,2.0,0,0,0,7,0,2,6,27.000,3.500
"Thomas,  Brad",DET,49,2,69.3,6,2,0,77,29,30,30,3.894,1.529
"Thomas,  Justin",PIT,12,0,13.0,0,1,0,21,5,5,9,6.231,2.000
"Thompson,  Brad",HOU,16,0,19.7,0,4,0,25,4,10,14,6.407,1.475
"Thompson,  Rich",LAA,13,0,19.7,2,0,0,12,4,15,3,1.373,0.814
"Thornton,  Matt",CHW,61,0,60.7,5,4,8,41,20,81,18,2.670,1.005
"Threets,  Erick",CHW,11,0,12.3,0,0,0,9,3,6,0,0.000,0.973
"Tillman,  Chris",BAL,11,11,53.7,2,5,0,51,31,31,35,5.870,1.528
"Todd,  Jess",CLE,5,0,6.0,0,0,0,9,3,9,5,7.500,2.000
"Tomlin,  Josh",CLE,12,12,73.0,6,4,0,72,19,43,37,4.562,1.247
"Torres,  Carlos",CHW,5,1,13.7,0,1,0,23,9,13,13,8.561,2.341
"Troncoso,  Ramon",LAD,52,0,54.0,2,3,0,55,18,34,26,4.333,1.352
"Uehara,  Koji",BAL,43,0,44.0,1,2,13,37,5,55,14,2.864,0.955
"Valdes,  Raul",NYM,38,1,58.7,3,3,1,59,27,56,32,4.909,1.466
"Valdez,  Cesar",AZ,9,2,20.0,1,2,0,29,10,13,17,7.650,1.950
"Valdez,  Merkin",TOR,2,0,1.3,0,0,0,2,3,0,3,20.251,3.750
"Valverde,  Jose",DET,60,0,63.0,2,4,26,41,32,63,21,3.000,1.159
"VandenHurk,  Rick",BAL,9,1,17.7,0,1,0,16,8,18,10,5.094,1.358
"Vargas,  Claudio",FA,17,0,19.7,1,0,0,28,10,18,16,7.322,1.932
"Vargas,  Jason",SEA,31,31,193.0,9,12,0,187,54,117,81,3.777,1.249
"Varvaro,  Anthony",SEA,4,0,4.0,0,1,0,6,6,5,5,11.250,3.000
"Vasquez,  Esmerling",AZ,57,0,53.7,1,6,0,46,38,55,31,5.199,1.565
"Vazquez,  Javier",NYY,31,26,157.3,10,10,0,155,65,121,93,5.320,1.398
"Venters,  Jonny",ATL,79,0,83.0,4,4,1,61,39,93,18,1.952,1.205
"Veras,  Jose",FLA,48,0,48.0,3,3,0,32,29,54,20,3.750,1.271
"Verlander,  Justin",DET,33,33,224.3,18,9,0,190,71,219,84,3.370,1.163
"Villanueva,  Carlos",MIL,50,0,52.7,2,0,1,48,22,67,27,4.614,1.329
"Villar,  Henry",HOU,8,0,6.0,0,0,0,5,3,3,3,4.500,1.333
"Viola,  Pedro",BAL,2,0,1.3,0,0,0,1,1,3,2,13.500,1.500
"Volquez,  Edinson",CIN,12,12,62.7,4,3,0,59,35,67,30,4.309,1.500
"Volstad,  Chris",FLA,30,30,175.0,12,9,0,187,60,102,89,4.577,1.411
"Wagner,  Billy",ATL,70,0,68.3,7,2,36,38,21,103,11,1.449,0.863
"Wainwright,  Adam",STL,33,33,230.3,20,11,0,186,56,213,62,2.423,1.051
"Wakefield,  Tim",BOS,32,19,140.0,4,10,0,153,36,84,83,5.336,1.350
"Walden,  Jordan",LAA,16,0,15.3,0,1,1,13,7,23,4,2.348,1.304
"Walker,  Tyler",WSH,24,0,35.3,1,0,0,35,8,30,14,3.566,1.217
"Walters,  P.J.",STL,7,3,30.0,2,0,0,32,10,22,20,6.000,1.400
"Weaver,  Jeff",LAD,44,0,44.3,5,1,0,48,20,26,30,6.090,1.534
"Weaver,  Jered",LAA,34,34,224.3,13,12,0,187,54,233,75,3.009,1.074
"Webb,  Ryan",SD,54,0,59.0,3,1,0,64,19,44,19,2.898,1.407
"Weinhardt,  Robbie",DET,28,0,29.3,2,2,0,40,8,21,20,6.136,1.636
"Wellemeyer,  Todd",FA,13,11,58.7,3,5,0,57,35,41,37,5.676,1.568
"Wells,  Randy",CHC,32,32,194.3,8,14,0,209,63,144,92,4.261,1.400
"West,  Sean",FLA,2,2,9.3,0,2,0,15,4,8,8,7.714,2.036
"Westbrook,  Jake",STL,33,33,202.7,10,11,0,203,68,128,95,4.219,1.337
"Wheeler,  Dan",TB,64,0,48.3,2,4,3,36,16,46,18,3.352,1.076
"White,  Sean",SEA,38,0,34.3,0,1,0,45,11,15,20,5.243,1.631
"Williams,  Randy",FLA,27,0,25.0,0,1,0,37,21,22,15,5.400,2.320
"Willis,  Dontrelle",AZ,15,13,65.7,2,3,0,72,56,47,41,5.619,1.949
"Wilson,  Brian",SF,70,0,73.0,3,3,48,58,25,90,14,1.726,1.137
"Wilson,  C.J.",TEX,33,32,204.0,15,8,0,161,93,170,76,3.353,1.245
"Wolf,  Randy",MIL,34,34,215.7,13,12,0,213,87,142,100,4.173,1.391
"Wolf,  Ross",OAK,11,0,12.7,0,0,0,12,6,9,6,4.263,1.421
"Wood,  Blake",KC,51,0,49.7,1,3,0,54,22,31,28,5.074,1.530
"Wood,  Kerry",NYY,47,0,46.0,3,4,8,35,29,47,16,3.130,1.391
"Wood,  Tim",FLA,26,0,27.7,0,1,1,33,15,10,17,5.530,1.735
"Wood,  Travis",CIN,17,17,102.7,5,4,0,85,26,86,40,3.506,1.081
"Worley,  Vance",PHI,5,2,13.0,1,1,0,8,4,12,2,1.385,0.923
"Wright,  Jamey",SEA,46,0,58.3,1,3,0,55,25,28,27,4.166,1.371
"Wright,  Wesley",HOU,14,4,33.0,1,2,0,37,13,29,21,5.727,1.515
"Wuertz,  Michael",OAK,48,0,39.7,2,3,6,35,21,40,19,4.311,1.412
"Young,  Chris",SD,4,4,20.0,2,0,0,10,11,15,2,0.900,1.050
"Zagurski,  Michael",PHI,8,0,7.0,0,0,0,8,5,11,8,10.286,1.857
"Zambrano,  Carlos",CHC,36,20,129.7,11,6,0,119,69,117,48,3.332,1.450
"Ziegler,  Brad",OAK,64,0,60.7,3,7,0,54,28,41,22,3.264,1.352
"Zimmermann,  Jordan",WSH,7,7,31.0,1,2,0,31,10,27,17,4.935,1.323
"Zito,  Barry",SF,34,33,199.3,9,14,0,184,84,150,92,4.154,1.344
"Zumaya,  Joel",DET,31,0,38.3,2,1,1,32,11,34,11,2.583,1.122
,,,,,,,,,,,,,
,,,,,,,,,,,,,
,,,,,,,,,,,,,
,,,,,,,,,,,,,
,,,,,,,,,,,,,
,,,,,,,,,,,,,
,,,,,,,,,,,,,
,,,,,,,,,,,,,
,,,,,,,,,,,,,
,,,,,,,,,,,,,
,,,,,,,,,,,,,
,,,,,,,,,,,,,
,,,,,,,,,,,,,
,,,,,,,,,,,,,
,,,,,,,,,,,,,
,,,,,,,,,,,,,
,,,,,,,,,,,,,
,,,,,,,,,,,,,
,,,,,,,,,,,,,
,,,,,,,,,,,,,
,,,,,,,,,,,,,
,,,,,,,,,,,,,
,,,,,,,,,,,,,
,,,,,,,,,,,,,
,,,,,,,,,,,,,
,,,,,,,,,,,,,
,,,,,,,,,,,,,
,,,,,,,,,,,,,
,,,,,,,,,,,,,
,,,,,,,,,,,,,
,,,,,,,,,,,,,
,,,,,,,,,,,,,
,,,,,,,,,,,,,
,,,,,,,,,,,,,
,,,,,,,,,,,,,
,,,,,,,,,,,,,
,,,,,,,,,,,,,
,,,,,,,,,,,,,
,,,,,,,,,,,,,
,,,,,,,,,,,,,
,,,,,,,,,,,,,
,,,,,,,,,,,,,
,,,,,,,,,,,,,
,,,,,,,,,,,,,
,,,,,,,,,,,,,
,,,,,,,,,,,,,
,,,,,,,,,,,,,
,,,,,,,,,,,,,
,,,,,,,,,,,,,
,,,,,,,,,,,,,
,,,,,,,,,,,,,
,,,,,,,,,,,,,
,,,,,,,,,,,,,
,,,,,,,,,,,,,
,,,,,,,,,,,,,
,,,,,,,,,,,,,
,,,,,,,,,,,,,
,,,,,,,,,,,,,
,,,,,,,,,,,,,
,,,,,,,,,,,,,
,,,,,,,,,,,,,
,,,,,,,,,,,,,
,,,,,,,,,,,,,
,,,,,,,,,,,,,
,,,,,,,,,,,,,
,,,,,,,,,,,,,
,,,,,,,,,,,,,
,,,,,,,,,,,,,
,,,,,,,,,,,,,
,,,,,,,,,,,,,
,,,,,,,,,,,,,
,,,,,,,,,,,,,
,,,,,,,,,,,,,
,,,,,,,,,,,,,
,,,,,,,,,,,,,
,,,,,,,,,,,,,
,,,,,,,,,,,,,
,,,,,,,,,,,,,
,,,,,,,,,,,,,
,,,,,,,,,,,,,
,,,,,,,,,,,,,
,,,,,,,,,,,,,
,,,,,,,,,,,,,
,,,,,,,,,,,,,
,,,,,,,,,,,,,
,,,,,,,,,,,,,
,,,,,,,,,,,,,
,,,,,,,,,,,,,
,,,,,,,,,,,,,
,,,,,,,,,,,,,
,,,,,,,,,,,,,
,,,,,,,,,,,,,
,,,,,,,,,,,,,
,,,,,,,,,,,,,
,,,,,,,,,,,,,
,,,,,,,,,,,,,
,,,,,,,,,,,,,
,,,,,,,,,,,,,
,,,,,,,,,,,,,
,,,,,,,,,,,,,
,,,,,,,,,,,,,
,,,,,,,,,,,,,
,,,,,,,,,,,,,
,,,,,,,,,,,,,
,,,,,,,,,,,,,
,,,,,,,,,,,,,
,,,,,,,,,,,,,
,,,,,,,,,,,,,
,,,,,,,,,,,,,
,,,,,,,,,,,,,
,,,,,,,,,,,,,
,,,,,,,,,,,,,
,,,,,,,,,,,,,
,,,,,,,,,,,,,
,,,,,,,,,,,,,
,,,,,,,,,,,,,
,,,,,,,,,,,,,
,,,,,,,,,,,,,
,,,,,,,,,,,,,
,,,,,,,,,,,,,
,,,,,,,,,,,,,
,,,,,,,,,,,,,
,,,,,,,,,,,,,
,,,,,,,,,,,,,
,,,,,,,,,,,,,
,,,,,,,,,,,,,
,,,,,,,,,,,,,
,,,,,,,,,,,,,
,,,,,,,,,,,,,
,,,,,,,,,,,,,
,,,,,,,,,,,,,
,,,,,,,,,,,,,
,,,,,,,,,,,,,
,,,,,,,,,,,,,
,,,,,,,,,,,,,
,,,,,,,,,,,,,
,,,,,,,,,,,,,
,,,,,,,,,,,,,
,,,,,,,,,,,,,
,,,,,,,,,,,,,
,,,,,,,,,,,,,
,,,,,,,,,,,,,
,,,,,,,,,,,,,
,,,,,,,,,,,,,
,,,,,,,,,,,,,
,,,,,,,,,,,,,
,,,,,,,,,,,,,
,,,,,,,,,,,,,
,,,,,,,,,,,,,
,,,,,,,,,,,,,
,,,,,,,,,,,,,
,,,,,,,,,,,,,
,,,,,,,,,,,,,
,,,,,,,,,,,,,
,,,,,,,,,,,,,
,,,,,,,,,,,,,
,,,,,,,,,,,,,
,,,,,,,,,,,,,
,,,,,,,,,,,,,
,,,,,,,,,,,,,
,,,,,,,,,,,,,
,,,,,,,,,,,,,
,,,,,,,,,,,,,
,,,,,,,,,,,,,
,,,,,,,,,,,,,
,,,,,,,,,,,,,
,,,,,,,,,,,,,
,,,,,,,,,,,,,
,,,,,,,,,,,,,
,,,,,,,,,,,,,
,,,,,,,,,,,,,
,,,,,,,,,,,,,
,,,,,,,,,,,,,
,,,,,,,,,,,,,
,,,,,,,,,,,,,
,,,,,,,,,,,,,
,,,,,,,,,,,,,
,,,,,,,,,,,,,
,,,,,,,,,,,,,
,,,,,,,,,,,,,
,,,,,,,,,,,,,
,,,,,,,,,,,,,
,,,,,,,,,,,,,
,,,,,,,,,,,,,
,,,,,,,,,,,,,
,,,,,,,,,,,,,
,,,,,,,,,,,,,
,,,,,,,,,,,,,
,,,,,,,,,,,,,
,,,,,,,,,,,,,
,,,,,,,,,,,,,
,,,,,,,,,,,,,
,,,,,,,,,,,,,
,,,,,,,,,,,,,
,,,,,,,,,,,,,
,,,,,,,,,,,,,
,,,,,,,,,,,,,
,,,,,,,,,,,,,
,,,,,,,,,,,,,
,,,,,,,,,,,,,
,,,,,,,,,,,,,
,,,,,,,,,,,,,
,,,,,,,,,,,,,
,,,,,,,,,,,,,
,,,,,,,,,,,,,
,,,,,,,,,,,,,
,,,,,,,,,,,,,
,,,,,,,,,,,,,
,,,,,,,,,,,,,
,,,,,,,,,,,,,
,,,,,,,,,,,,,
,,,,,,,,,,,,,
,,,,,,,,,,,,,
,,,,,,,,,,,,,
,,,,,,,,,,,,,
,,,,,,,,,,,,,
,,,,,,,,,,,,,
,,,,,,,,,,,,,
,,,,,,,,,,,,,
,,,,,,,,,,,,,
,,,,,,,,,,,,,
,,,,,,,,,,,,,
,,,,,,,,,,,,,
,,,,,,,,,,,,,
,,,,,,,,,,,,,
,,,,,,,,,,,,,
,,,,,,,,,,,,,
,,,,,,,,,,,,,
,,,,,,,,,,,,,
,,,,,,,,,,,,,
,,,,,,,,,,,,,
,,,,,,,,,,,,,
,,,,,,,,,,,,,
,,,,,,,,,,,,,
,,,,,,,,,,,,,
,,,,,,,,,,,,,
,,,,,,,,,,,,,
,,,,,,,,,,,,,
,,,,,,,,,,,,,
,,,,,,,,,,,,,
,,,,,,,,,,,,,
,,,,,,,,,,,,,
,,,,,,,,,,,,,
,,,,,,,,,,,,,
,,,,,,,,,,,,,
,,,,,,,,,,,,,
,,,,,,,,,,,,,
,,,,,,,,,,,,,
,,,,,,,,,,,,,
,,,,,,,,,,,,,
,,,,,,,,,,,,,
,,,,,,,,,,,,,
,,,,,,,,,,,,,
,,,,,,,,,,,,,
,,,,,,,,,,,,,
,,,,,,,,,,,,,
,,,,,,,,,,,,,
,,,,,,,,,,,,,
,,,,,,,,,,,,,
,,,,,,,,,,,,,
,,,,,,,,,,,,,
,,,,,,,,,,,,,
,,,,,,,,,,,,,
,,,,,,,,,,,,,
,,,,,,,,,,,,,
,,,,,,,,,,,,,
,,,,,,,,,,,,,
,,,,,,,,,,,,,
,,,,,,,,,,,,,
,,,,,,,,,,,,,
,,,,,,,,,,,,,
,,,,,,,,,,,,,
,,,,,,,,,,,,,
,,,,,,,,,,,,,
,,,,,,,,,,,,,
,,,,,,,,,,,,,
,,,,,,,,,,,,,
,,,,,,,,,,,,,
,,,,,,,,,,,,,
,,,,,,,,,,,,,
,,,,,,,,,,,,,
,,,,,,,,,,,,,
,,,,,,,,,,,,,
,,,,,,,,,,,,,
,,,,,,,,,,,,,
,,,,,,,,,,,,,
,,,,,,,,,,,,,
,,,,,,,,,,,,,
,,,,,,,,,,,,,
,,,,,,,,,,,,,
,,,,,,,,,,,,,
,,,,,,,,,,,,,
,,,,,,,,,,,,,
,,,,,,,,,,,,,
,,,,,,,,,,,,,
,,,,,,,,,,,,,
,,,,,,,,,,,,,
,,,,,,,,,,,,,
,,,,,,,,,,,,,
,,,,,,,,,,,,,
,,,,,,,,,,,,,
,,,,,,,,,,,,,
,,,,,,,,,,,,,
,,,,,,,,,,,,,
,,,,,,,,,,,,,
,,,,,,,,,,,,,
,,,,,,,,,,,,,
,,,,,,,,,,,,,
,,,,,,,,,,,,,
,,,,,,,,,,,,,
,,,,,,,,,,,,,
,,,,,,,,,,,,,
,,,,,,,,,,,,,
,,,,,,,,,,,,,
,,,,,,,,,,,,,
,,,,,,,,,,,,,
,,,,,,,,,,,,,