PLAYER,POS,Team,G,AB,R,H,2B,3B,HR,RBI,BB,K,SB,CS,AVG,SLG,OBP,OPS
"Abreu,  Bobby",OF,LAA,154,573,88,146,41,1,20,78,87,132,24,10,.255,.435,.352,.787
"Abreu,  Tony",3B,AZ,81,193,16,45,11,1,1,13,4,47,2,1,.233,.316,.244,.560
"Aldridge,  Cory",OF,LAA,5,13,0,1,0,1,0,1,0,5,0,0,.077,.231,.077,.308
"Alfonzo,  Eliezer",C,SEA,13,41,4,9,1,0,1,4,0,10,0,0,.220,.317,.220,.537
"Allen,  Brandon",OF,AZ,22,45,5,12,3,0,1,6,10,20,0,0,.267,.400,.393,.793
"Alonso,  Yonder",1B,CIN,22,29,2,6,2,0,0,3,0,10,0,0,.207,.276,.207,.483
"Alvarez,  Pedro",3B,PIT,95,347,42,89,21,1,16,64,37,119,0,0,.256,.461,.326,.788
"Anderson,  Bryan",C,STL,15,32,1,9,2,0,0,4,1,7,0,0,.281,.344,.314,.658
"Anderson,  Garret",OF,LAD,80,155,8,28,6,1,2,12,5,34,1,0,.181,.271,.204,.475
"Anderson,  Lars",1B,BOS,18,35,4,7,1,0,0,4,7,8,0,0,.200,.229,.326,.554
"Andino,  Robert",2B,BAL,16,61,6,18,4,0,2,6,3,13,1,1,.295,.459,.333,.792
"Andrus,  Elvis",SS,TEX,148,588,88,156,15,3,0,35,64,96,32,15,.265,.301,.342,.643
"Ankiel,  Rick",OF,ATL,74,211,31,49,13,1,6,24,26,71,3,1,.232,.389,.321,.709
"Arencibia ,  J.P.",C,TOR,11,35,3,5,1,0,2,4,2,11,0,0,.143,.343,.189,.532
"Arias,  Joaquin",2B,NYM,72,128,23,33,6,1,0,13,4,23,1,0,.258,.320,.280,.601
"Atkins,  Garrett",1B,BAL,44,140,5,30,7,0,1,9,12,30,0,0,.214,.286,.276,.562
"Ausmus,  Brad",C,LAD,21,63,4,14,2,0,0,2,7,15,0,0,.222,.254,.310,.564
"Avila,  Alex",C,DET,104,294,28,67,12,0,7,31,36,71,2,2,.228,.340,.316,.656
"Aviles,  Mike",2B,KC,110,424,63,129,16,3,8,32,20,49,14,5,.304,.413,.335,.748
"Aybar,  Erick",SS,LAA,138,534,69,135,18,4,5,29,35,81,22,8,.253,.330,.306,.636
"Aybar,  Willy",DH,TB,100,270,22,62,13,0,6,43,30,61,0,0,.230,.344,.309,.654
"Baker,  Jeff",3B/2B,CHC,79,206,29,56,13,2,4,21,16,50,1,0,.272,.413,.326,.739
"Baker,  John",C,FLA,23,78,7,17,3,1,0,6,9,18,0,0,.218,.282,.307,.589
"Baldelli,  Rocco",DH,TB,10,24,3,5,1,0,1,5,1,5,1,0,.208,.375,.240,.615
"Barajas,  Rod",C,LAD,99,313,39,75,14,0,17,47,13,54,0,0,.240,.447,.284,.731
"Bard,  Josh",C,SEA,39,112,9,24,7,0,3,10,10,27,0,0,.214,.357,.276,.634
"Barden,  Brian",3B,FLA,35,29,2,5,0,0,0,3,3,12,0,2,.172,.172,.273,.445
"Barmes,  Clint",2B/SS,COL,133,387,43,91,21,0,8,50,35,66,3,2,.235,.351,.305,.656
"Barney,  Darwin",SS,CHC,30,79,12,19,4,0,0,2,6,12,0,0,.241,.291,.294,.585
"Bartlett,  Jason",SS,TB,135,468,71,119,27,3,4,47,45,83,11,6,.254,.350,.324,.675
"Barton,  Daric ",1B,OAK,159,556,79,152,33,5,10,57,110,102,7,3,.273,.405,.393,.798
"Bautista,  Jose",OF/3B,TOR,161,569,109,148,35,3,54,124,100,116,9,2,.260,.617,.378,.995
"Baxter,  Mike",1B,SD,9,8,0,1,0,0,0,1,0,2,0,0,.125,.125,.111,.236
"Bay,  Jason",OF,NYM,95,348,48,90,20,6,6,47,44,91,10,0,.259,.402,.347,.749
"Beckham,  Gordon",2B,CHW,131,444,58,112,25,2,9,49,37,92,4,6,.252,.378,.317,.695
"Bell,  Josh",3B,BAL,53,159,15,34,5,0,3,12,2,53,0,1,.214,.302,.224,.525
"Belliard,  Ronnie",2B,LAD,82,162,24,35,10,1,2,19,18,35,2,2,.216,.327,.295,.622
"Beltran,  Carlos",OF,NYM,64,220,21,56,11,3,7,27,30,39,3,1,.255,.427,.341,.768
"Beltre,  Adrian",3B,BOS,154,589,84,189,49,2,28,102,40,82,2,1,.321,.553,.365,.919
"Berkman,  Lance",1B/DH,NYY,122,404,48,100,23,1,14,58,77,85,3,2,.248,.413,.368,.781
"Bernadina,  Roger",OF,WSH,134,414,52,102,18,3,11,47,35,93,16,2,.246,.384,.307,.691
"Betancourt,  Yuniesky",SS,KC,151,556,60,144,29,2,16,78,23,64,2,3,.259,.405,.288,.692
"Betemit,  Wilson",3B,KC,84,276,36,82,20,0,13,43,36,74,0,0,.297,.511,.378,.889
"Blake,  Casey",3B,LAD,146,509,56,126,28,1,17,64,48,138,0,4,.248,.407,.320,.727
"Blalock,  Hank",DH,TB,26,63,8,16,3,0,1,7,6,15,1,1,.254,.349,.319,.668
"Blanco,  Andres",2B,TEX,68,166,17,46,10,1,0,13,11,24,0,2,.277,.349,.330,.679
"Blanco,  Gregor",OF,KC,85,237,31,67,9,4,1,14,29,50,11,4,.283,.367,.360,.727
"Blanco,  Henry",C,NYM,50,130,10,28,5,0,2,8,11,26,1,0,.215,.300,.271,.571
"Blanks,  Kyle",OF,SD,33,102,14,16,6,1,3,15,15,46,1,0,.157,.324,.283,.607
"Bloomquist,  Willie",OF,CIN,83,187,31,50,10,1,3,17,9,28,8,5,.267,.380,.299,.679
"Blum,  Geoff",SS,HOU,93,203,22,54,10,1,2,22,15,33,0,0,.266,.355,.320,.674
"Bocock,  Brian",SS,TOR,6,5,2,0,0,0,0,0,0,3,0,0,.000,.000,.000,.000
"Boesch,  Brennan",OF,DET,133,464,49,119,26,3,14,67,40,99,7,1,.256,.416,.320,.736
"Boggs,  Brandon",OF,TEX,4,7,0,0,0,0,0,0,1,4,0,0,.000,.000,.125,.125
"Bogusevic,  Brian",OF,HOU,19,28,5,5,3,0,0,3,3,12,1,1,.179,.286,.258,.544
"Bonifacio,  Emilio",OF,FLA,73,180,30,47,6,3,0,10,17,42,12,0,.261,.328,.320,.648
"Borbon,  Julio",OF,TEX,137,438,60,121,11,4,3,42,19,59,15,7,.276,.340,.309,.649
"Boscan,  J.C.",C,ATL,1,0,1,0,0,0,0,0,1,0,0,0,.000,.000,.000,.000
"Bourgeois,  Jason",OF,HOU,69,123,16,27,4,1,0,3,13,16,12,4,.220,.268,.294,.562
"Bourjos,  Peter",OF,LAA,51,181,19,37,6,4,6,15,6,40,10,3,.204,.381,.237,.618
"Bourn,  Michael",OF,HOU,141,535,84,142,25,6,2,38,59,109,52,12,.265,.346,.341,.686
"Bowker,  John",OF,PIT,67,151,16,33,8,0,5,21,14,33,0,1,.219,.371,.281,.652
"Bradley,  Milton",OF/DH,SEA,73,244,28,50,9,1,8,29,28,75,8,2,.205,.348,.292,.641
"Brantley,  Michael",OF,CLE,72,297,38,73,9,3,3,22,22,38,10,2,.246,.327,.296,.623
"Branyan,  Russell",DH/1B,SEA,109,376,47,89,19,0,25,57,46,131,1,0,.237,.487,.324,.811
"Braun,  Ryan",OF,MIL,157,619,101,188,45,1,25,103,56,105,14,3,.304,.501,.365,.866
"Brignac,  Reid",2B/SS,TB,113,301,39,77,13,1,8,45,20,77,3,3,.256,.385,.307,.692
"Brown,  Domonic",OF,PHI,35,62,8,13,3,0,2,13,5,24,2,1,.210,.355,.257,.612
"Brown,  Dusty",C,BOS,7,12,0,3,1,0,0,2,0,2,0,0,.250,.333,.250,.583
"Brown,  Jordan",1B,CLE,26,87,9,20,7,0,0,2,4,10,0,0,.230,.310,.272,.582
"Bruce,  Jay",OF,CIN,148,509,80,143,23,5,25,70,58,136,5,4,.281,.493,.353,.846
"Buck,  John",C,TOR,118,409,53,115,25,0,20,66,16,111,0,0,.281,.489,.314,.802
"Buck,  Travis",OF,OAK,14,42,6,7,2,0,1,2,4,14,1,0,.167,.286,.255,.541
"Budde,  Ryan",C,LAA,6,10,2,4,1,0,1,3,1,5,0,0,.400,.800,.455,1.255
"Burke,  Jamie",C,WSH,1,0,0,0,0,0,0,0,0,0,0,0,.000,.000,.000,.000
"Burrell,  Pat",OF/DH,SF,120,373,50,94,21,0,20,64,57,105,0,2,.252,.469,.348,.817
"Burriss,  Emmanuel",2B,SF,7,5,3,2,0,0,0,0,0,1,0,0,.400,.400,.400,.800
"Butera,  Drew",C,MIN,49,142,12,28,6,1,2,13,4,25,0,0,.197,.296,.237,.533
"Butler,  Billy",1B/DH,KC,158,595,77,189,45,0,15,78,69,78,0,0,.318,.469,.388,.857
"Byrd,  Marlon",OF,CHC,152,580,84,170,39,2,12,66,31,98,5,1,.293,.429,.346,.775
"Byrnes,  Eric",OF,SEA,15,32,1,3,2,0,0,0,6,9,1,0,.094,.156,.237,.393
"Cabrera,  Asdrubal",SS,CLE,97,381,39,105,16,1,3,29,25,60,6,4,.276,.346,.326,.673
"Cabrera,  Everth",SS,SD,76,212,22,44,6,3,1,22,19,54,10,6,.208,.278,.279,.557
"Cabrera,  Melky",OF,ATL,146,454,49,115,27,3,3,41,42,64,7,1,.253,.346,.316,.662
"Cabrera,  Miguel",1B,DET,150,548,111,180,45,1,38,126,89,95,3,3,.328,.622,.420,1.042
"Cabrera,  Orlando",SS,CIN,123,494,64,130,33,0,4,42,28,53,11,4,.263,.354,.303,.657
"Cain,  Lorenzo",OF,MIL,43,147,17,45,11,1,1,13,9,28,7,1,.306,.415,.348,.763
"Cairo,  Miguel",3B,CIN,91,200,30,58,12,0,4,28,17,30,4,0,.290,.410,.353,.763
"Callaspo,  Albert",3B,LAA,146,562,61,149,27,2,10,56,31,42,5,3,.265,.374,.302,.675
"Cameron,  Mike",OF,BOS,48,162,24,42,11,0,4,15,14,44,0,1,.259,.401,.328,.729
"Cano,  Robinson",2B,NYY,159,622,103,198,41,3,29,109,57,77,3,2,.318,.534,.380,.914
"Cantu,  Jorge",3B/1B,TEX,127,472,50,121,29,1,11,56,29,95,0,0,.256,.392,.304,.695
"Carlin,  Luke",C,CLE,6,14,4,5,0,0,2,3,2,5,0,0,.357,.786,.438,1.223
"Carp,  Mike",1B,SEA,14,37,1,7,2,0,0,0,4,8,0,0,.189,.243,.268,.512
"Carroll,  Brett",OF,FLA,32,76,13,15,4,0,2,7,6,29,2,1,.197,.329,.311,.640
"Carroll,  Jamey",SS/2B,LAD,133,351,48,102,15,1,0,23,51,64,12,4,.291,.339,.379,.718
"Carson,  Matt",OF,OAK,36,79,7,14,2,0,4,9,2,23,4,0,.177,.354,.193,.547
"Carter,  Chris",OF,NYM,107,202,21,47,8,0,6,26,17,33,2,1,.233,.361,.294,.656
"Cash,  Kevin",C,BOS,48,114,4,19,2,0,2,5,11,29,0,0,.167,.237,.246,.483
"Casilla,  Alexi",SS/2B,MIN,69,152,26,42,7,4,1,20,13,17,6,1,.276,.395,.331,.726
"Castillo,  Luis",2B,NYM,86,247,28,58,4,2,0,17,39,25,8,3,.235,.267,.337,.604
"Castillo,  Welington",C,CHC,7,20,3,6,4,0,1,5,1,7,0,0,.300,.650,.333,.983
"Castro,  Jason",C,HOU,67,195,26,40,8,1,2,8,22,41,0,0,.205,.287,.286,.573
"Castro,  Juan",SS,LAD,55,129,7,25,5,0,0,13,8,25,0,1,.194,.233,.237,.470
"Castro,  Ramon",C,CHW,37,115,18,32,2,0,8,21,9,26,1,0,.278,.504,.328,.832
"Castro,  Starlin",SS,CHC,125,463,53,139,31,5,3,41,29,71,10,8,.300,.408,.347,.755
"Catalanotto,  Frank",OF/1B,FA,25,25,2,4,1,0,0,1,1,5,0,0,.160,.200,.192,.392
"Cedeno,  Ronny",SS,PIT,138,464,42,119,29,3,8,37,23,104,12,3,.256,.384,.293,.677
"Cervelli,  Francisco",C,NYY,92,264,26,72,11,3,0,38,31,41,1,1,.273,.337,.357,.694
"Chavez,  Eric",DH,OAK,33,111,10,26,8,0,1,10,8,31,0,0,.234,.333,.276,.610
"Choo,  Shin-Soo",OF,CLE,144,550,81,165,31,2,22,90,83,118,22,7,.300,.484,.401,.885
"Church,  Ryan",OF,AZ,105,216,24,41,15,1,5,25,15,65,1,0,.190,.338,.252,.590
"Ciriaco,  Pedro",SS,PIT,8,6,3,3,1,1,0,1,0,3,0,0,.500,1.000,.500,1.500
"Clement,  Jeff",1B,PIT,53,143,11,29,4,0,7,12,6,37,0,0,.203,.378,.238,.616
"Clevlen,  Brent",OF,ATL,4,4,2,1,1,0,0,0,0,1,0,0,.250,.500,.250,.750
"Coghlan,  Chris",OF,FLA,91,358,60,96,20,3,5,28,33,84,10,3,.268,.383,.335,.718
"Colvin,  Tyler",OF,CHC,135,358,60,91,18,5,20,56,30,100,6,1,.254,.500,.316,.816
"Conger,  Hank",C,LAA,13,29,2,5,1,1,0,5,5,9,0,0,.172,.276,.294,.570
"Conrad,  Brooks",3B,ATL,102,155,31,39,11,1,8,33,16,44,5,1,.252,.490,.326,.816
"Cora,  Alex",2B,TEX,66,176,14,37,6,3,0,20,10,16,4,1,.210,.278,.266,.544
"Counsell,  Craig",SS/3B,MIL,102,204,16,51,8,0,2,21,21,29,1,1,.250,.319,.322,.640
"Cousins,  Scott",OF,FLA,27,37,2,11,2,2,0,2,1,13,0,0,.297,.459,.316,.775
"Craig,  Allen",OF,STL,44,114,12,28,7,0,4,18,9,26,0,1,.246,.412,.298,.711
"Crawford,  Carl",OF,TB,154,600,110,184,30,13,19,90,46,104,47,10,.307,.495,.357,.852
"Crisp,  Coco",OF,OAK,75,290,51,81,14,4,8,38,30,49,32,3,.279,.438,.342,.779
"Crosby,  Bobby",SS,FA,69,164,9,37,10,0,1,13,16,35,0,3,.226,.305,.297,.602
"Crowe,  Trevor",OF,CLE,122,442,48,111,24,3,2,36,29,73,20,7,.251,.333,.302,.634
"Cruz,  Luis",SS,MIL,7,17,2,4,0,1,0,1,0,2,0,0,.235,.353,.235,.588
"Cruz,  Nelson",OF,TEX,108,399,60,127,31,3,22,78,38,81,17,4,.318,.576,.374,.950
"Cuddyer,  Michael",1B/OF,MIN,156,605,92,163,36,5,14,81,58,93,7,3,.269,.415,.335,.750
"Cunningham,  Aaron ",OF,SD,53,132,17,38,12,1,1,15,7,28,1,3,.288,.417,.331,.748
"Curtis,  Colin",OF,NYY,31,59,7,11,3,0,1,8,4,15,0,0,.186,.288,.250,.538
"Cust,  Jack",DH,OAK,112,349,50,95,19,0,13,52,68,127,2,2,.272,.438,.395,.834
"Damon,  Johnny",DH/OF,DET,145,539,81,146,36,5,8,51,69,90,11,1,.271,.401,.355,.756
"Davis,  Brad",C,FLA,33,109,8,23,7,1,3,16,9,37,2,0,.211,.376,.270,.647
"Davis,  Chris",1B,TEX,45,120,7,23,9,0,1,4,15,40,3,0,.192,.292,.279,.571
"Davis,  Ike",1B,NYM,147,523,73,138,33,1,19,71,72,138,3,2,.264,.440,.351,.791
"Davis,  Rajai",OF,OAK,143,525,66,149,28,3,5,52,26,78,50,11,.284,.377,.320,.697
"De Aza,  Alejandro",OF,CHW,19,30,7,9,3,0,0,2,1,4,2,1,.300,.400,.323,.723
"DeJesus,  David",OF,KC,91,352,46,112,23,3,5,37,34,47,3,3,.318,.443,.384,.827
"Denorfia,  Chris",OF,SD,99,284,41,77,15,2,9,36,27,51,8,4,.271,.433,.335,.769
"DeRosa,  Mark",OF,SF,26,93,9,18,3,0,1,10,9,16,0,2,.194,.258,.279,.537
"Descalso,  Daniel",3B,STL,11,34,6,9,2,0,0,4,2,6,1,0,.265,.324,.324,.648
"Desmond,  Ian",SS,WSH,154,525,59,141,27,4,10,65,28,109,17,5,.269,.392,.308,.700
"DeWitt,  Blake",2B,LAD,135,440,47,115,24,5,5,52,47,86,3,2,.261,.373,.336,.709
"Diaz,  Argenis",SS,PIT,22,33,0,8,1,0,0,2,3,10,0,1,.242,.273,.306,.578
"Diaz,  Matt",OF,ATL,84,224,27,56,17,2,7,31,13,44,3,1,.250,.438,.302,.739
"Dickerson,  Chris",OF,MIL,45,97,11,20,2,2,0,5,6,34,4,0,.206,.268,.250,.518
"Dobbs,  Greg",3B,PHI,88,163,13,32,7,0,5,15,12,39,1,1,.196,.331,.251,.583
"Donald,  Jason",SS/2B,CLE,88,296,39,75,19,3,4,24,22,70,5,1,.253,.378,.312,.690
"Donaldson,  Josh",C,OAK,14,32,1,5,1,0,1,4,2,12,0,0,.156,.281,.206,.487
"Doumit,  Ryan",C,PIT,123,405,42,102,22,1,13,45,41,87,1,0,.252,.407,.332,.739
"Downs,  Matt",2B,HOU,40,97,8,21,7,0,1,7,9,20,0,0,.216,.320,.294,.613
"Drew,  J.D.",OF,BOS,139,478,69,122,24,2,22,68,60,105,3,1,.255,.452,.341,.793
"Drew,  Stephen",SS,AZ,151,565,83,157,33,12,15,61,62,108,10,5,.278,.458,.352,.810
"Duda,  Lucas",OF,NYM,29,84,11,17,6,0,4,13,6,22,0,0,.202,.417,.253,.669
"Duncan,  Shelley",OF,CLE,85,229,29,53,10,0,11,36,26,76,1,0,.231,.419,.317,.736
"Dunn,  Adam",1B,WSH,158,558,85,145,36,2,38,103,77,199,0,1,.260,.536,.356,.892
"Durango,  Luis",OF,SD,28,48,8,12,0,0,0,4,4,7,5,0,.250,.250,.308,.558
"Dyson,  Jarrod",OF,KC,18,57,11,12,4,2,1,5,6,16,9,1,.211,.404,.286,.689
"Eckstein,  David",2B,SD,116,442,49,118,23,0,1,29,27,35,8,1,.267,.326,.321,.647
"Edmonds,  Jim",OF,CIN,86,246,44,68,23,0,11,23,24,60,2,0,.276,.504,.342,.846
"Eldred,  Brad",1B,COL,11,24,4,6,1,0,1,3,2,10,0,0,.250,.417,.333,.750
"Ellis,  A.J.",C,LAD,44,108,6,30,5,0,0,16,14,18,0,0,.278,.324,.363,.687
"Ellis,  Mark",2B,OAK,124,436,45,127,24,0,5,49,40,56,7,6,.291,.381,.358,.739
"Ellsbury,  Jacoby",OF,BOS,18,78,10,15,4,0,0,5,4,9,7,1,.192,.244,.241,.485
"Encarnacion,  Edwin",3B,TOR,96,332,47,81,16,0,21,51,29,60,1,0,.244,.482,.305,.787
"Escobar,  Alcides",SS,MIL,145,506,57,119,14,10,4,41,36,70,10,4,.235,.326,.288,.614
"Escobar,  Yunel",SS,TOR,134,493,60,127,19,0,4,35,56,57,6,2,.258,.320,.339,.660
"Espinosa,  Danny",2B,WSH,28,103,16,22,4,1,6,15,9,30,0,2,.214,.447,.277,.723
"Esposito,  Brian ",C,HOU,2,3,0,0,0,0,0,0,0,1,0,0,.000,.000,.000,.000
"Ethier,  Andre",OF,LAD,139,517,71,151,33,1,23,82,59,102,2,1,.292,.493,.364,.857
"Evans,  Nick",OF,NYM,20,36,5,11,3,0,1,5,1,10,0,0,.306,.472,.324,.797
"Evans,  Terry",OF,LAA,1,1,0,0,0,0,0,0,0,1,0,0,.000,.000,.000,.000
"Everett,  Adam",SS,FA,31,81,6,15,5,0,0,4,4,18,2,1,.185,.247,.221,.468
"Feliciano,  Jesus",OF,NYM,54,108,12,25,4,1,0,3,6,12,1,0,.231,.287,.276,.563
"Feliz,  Pedro",3B,STL,137,409,36,89,12,2,5,40,13,41,1,1,.218,.293,.240,.533
"Fielder,  Prince",1B,MIL,161,578,94,151,25,0,32,83,114,138,1,0,.261,.471,.401,.871
"Fields,  Josh",3B,KC,13,49,5,15,0,0,3,6,1,9,0,0,.306,.490,.320,.810
"Figgins,  Chone",2B,SEA,161,602,62,156,21,2,1,35,74,114,42,15,.259,.306,.340,.646
"Flowers,  Tyler",C,CHW,8,11,2,1,0,0,0,0,4,5,0,0,.091,.091,.333,.424
"Fontenot,  Mike",2B,SF,103,240,24,68,13,3,1,25,15,41,1,4,.283,.375,.331,.706
"Ford,  Darren",OF,SF,7,0,1,0,0,0,0,0,0,0,2,1,.000,.000,.000,.000
"Fowler,  Dexter",OF,COL,132,439,73,114,20,14,6,36,57,104,13,7,.260,.410,.347,.757
"Fox,  Jake",DH,BAL,77,198,21,43,10,1,7,22,8,49,0,0,.217,.384,.261,.645
"Francisco,  Ben",OF,PHI,88,179,24,48,13,0,6,28,14,35,8,0,.268,.441,.327,.768
"Francisco,  Juan ",3B,CIN,36,55,3,15,3,0,1,7,4,20,0,1,.273,.382,.322,.704
"Francoeur,  Jeff",OF,TEX,139,454,52,113,18,2,13,65,30,81,8,3,.249,.383,.300,.683
"Frandsen,  Kevin",3B,LAA,54,160,24,40,11,0,0,14,9,10,2,0,.250,.319,.294,.613
"Frazier,  Jeff",OF,DET,9,23,3,5,1,0,0,1,1,6,0,0,.217,.261,.250,.511
"Freeman,  Freddie",1B,ATL,20,24,3,4,1,0,1,1,0,8,0,0,.167,.333,.167,.500
"Freese,  David",3B,STL,70,240,28,71,12,1,4,36,21,59,1,1,.296,.404,.361,.765
"Fukudome,  Kosuke",OF,CHC,130,358,45,94,20,2,13,44,64,67,7,8,.263,.439,.371,.809
"Fuld,  Sam",OF,CHC,19,28,3,4,1,0,0,3,3,5,0,0,.143,.179,.226,.404
"Furcal,  Rafael",SS,LAD,97,383,66,115,23,7,8,43,40,60,22,4,.300,.460,.366,.826
"Gamel,  Mat",3B,MIL,12,15,1,3,1,0,0,1,1,8,0,0,.200,.267,.294,.561
"Gardner,  Brett",OF,NYY,149,473,97,131,20,6,5,46,79,100,47,9,.277,.376,.384,.760
"Garko,  Ryan",1B,TEX,15,33,0,3,0,0,0,3,3,4,0,0,.091,.091,.167,.258
"Gentry,  Craig",OF,TEX,20,33,4,7,0,0,0,3,1,11,1,0,.212,.212,.229,.441
"German,  Esteban",DH,TEX,13,13,5,3,0,0,0,1,3,2,4,1,.231,.231,.375,.606
"Gerut,  Jody",OF,SD,32,71,7,14,4,1,2,8,3,17,0,1,.197,.366,.230,.596
"Getz,  Chris",2B,KC,72,224,23,53,9,0,0,18,19,28,15,2,.237,.277,.302,.579
"Giambi,  Jason",1B,COL,87,176,17,43,9,0,6,35,35,47,2,0,.244,.398,.378,.776
"Gibbons,  Jay",OF,LAD,37,75,11,21,2,0,5,17,4,14,0,1,.280,.507,.313,.819
"Gillespie,  Cole",OF,AZ,45,104,11,24,8,0,2,12,7,29,1,1,.231,.365,.283,.649
"Gimenez,  Chris",C,CLE,28,58,6,11,5,0,1,8,8,22,0,0,.190,.328,.288,.615
"Glaus,  Troy",1B,ATL,127,410,52,99,18,0,16,71,62,100,0,0,.241,.402,.344,.746
"Gload,  Ross",1B,PHI,94,128,16,36,8,0,6,22,8,15,1,0,.281,.484,.328,.813
"Golson,  Greg",OF,NYY,24,23,3,6,2,0,0,2,0,3,0,2,.261,.348,.261,.609
"Gomes,  Jonny",OF,CIN,148,511,77,136,24,3,18,86,39,123,5,3,.266,.431,.327,.758
"Gomez,  Carlos",OF,MIL,97,291,38,72,11,3,5,24,17,72,18,3,.247,.357,.298,.655
"Gonzalez,  Adrian",1B,SD,160,591,87,176,33,0,31,101,93,114,0,0,.298,.511,.393,.904
"Gonzalez,  Alberto",2B/3B,WSH,114,186,19,46,8,1,0,5,7,30,0,0,.247,.301,.277,.578
"Gonzalez,  Alex",SS,ATL,157,595,74,149,42,3,23,88,31,118,1,2,.250,.447,.294,.741
"Gonzalez,  Carlos",OF,COL,145,587,111,197,34,9,34,117,40,135,26,8,.336,.598,.376,.974
"Gordon,  Alex",OF,KC,74,242,34,52,10,0,8,20,34,62,1,5,.215,.355,.315,.671
"Granderson,  Curtis",OF,NYY,136,466,76,115,17,7,24,67,53,116,12,2,.247,.468,.324,.792
"Green,  Nick",2B,SD,14,21,2,3,0,0,0,2,1,5,0,0,.143,.143,.217,.360
"Greene,  Tyler",SS,STL,44,104,14,23,3,1,2,10,13,24,2,0,.221,.327,.328,.655
"Griffey Jr.,  Ken",DH,SEA,33,98,6,18,2,0,0,7,9,17,0,0,.184,.204,.250,.454
"Gross,  Gabe",OF,OAK,105,222,27,53,11,1,1,25,17,39,5,1,.239,.311,.290,.601
"Grudzielanek,  Mark",2B,CLE,30,110,10,30,0,0,0,11,8,10,2,0,.273,.273,.328,.600
"Guerrero,  Vladimir",DH,TEX,152,593,83,178,27,1,29,115,35,60,4,5,.300,.496,.345,.841
"Guillen,  Carlos",2B,DET,68,253,26,69,17,1,6,34,21,41,1,2,.273,.419,.327,.746
"Guillen,  Jose",DH/OF,KC,148,524,55,135,22,2,19,77,32,113,1,0,.258,.416,.314,.730
"Gutierrez,  Franklin",OF,SEA,152,568,61,138,24,3,12,64,50,137,25,3,.243,.359,.301,.661
"Guzman,  Cristian",2B/SS,TEX,104,365,48,97,12,4,2,26,20,63,4,2,.266,.337,.311,.648
"Gwynn,  Tony",OF,SD,117,289,30,59,9,3,3,20,41,50,17,4,.204,.287,.304,.591
"Hafner,  Travis",DH,CLE,118,396,46,110,29,0,13,50,51,94,2,1,.278,.449,.374,.824
"Hairston Jr.,  Jerry",SS/2B,SD,119,430,53,105,13,2,10,50,31,54,9,6,.244,.353,.299,.652
"Hairston,  Scott",OF,SD,104,295,34,62,10,0,10,36,31,69,6,1,.210,.346,.295,.640
"Hall,  Bill",OF/2B,BOS,119,344,44,85,16,1,18,46,34,104,9,1,.247,.456,.316,.772
"Halman,  Greg",OF,SEA,9,29,1,4,1,0,0,3,1,11,1,0,.138,.172,.167,.339
"Hamilton,  Josh",OF,TEX,133,518,95,186,40,3,32,100,43,95,8,1,.359,.633,.411,1.044
"Hamilton,  Mark",1B,STL,9,14,0,2,0,0,0,0,1,5,0,0,.143,.143,.200,.343
"Hanigan,  Ryan",C,CIN,70,203,25,61,11,0,5,40,33,21,0,0,.300,.429,.405,.834
"Hardy,  J.J.",SS,MIN,100,337,44,91,19,3,6,38,28,54,1,1,.270,.398,.322,.720
"Harris,  Brendan",3B,MIN,42,105,11,17,3,0,1,4,9,22,0,0,.162,.219,.239,.458
"Harris,  Willie",OF,WSH,132,224,25,41,6,2,10,32,33,60,5,2,.183,.362,.291,.653
"Hart,  Corey",OF,MIL,145,558,91,158,34,4,31,102,45,140,7,6,.283,.525,.340,.865
"Hatcher,  Chris",C,FLA,5,6,0,0,0,0,0,0,2,5,0,0,.000,.000,.250,.250
"Hawpe,  Brad",OF,TB,103,298,31,73,21,2,9,44,42,85,2,1,.245,.419,.338,.758
"Hayes,  Brett",C,FLA,26,77,6,16,6,1,2,6,6,26,0,0,.208,.390,.265,.655
"Headley,  Chase",3B,SD,161,610,77,161,29,3,11,58,56,139,17,5,.264,.375,.327,.702
"Heisey,  Chris",OF,CIN,97,201,33,51,10,1,8,21,16,57,1,2,.254,.433,.324,.757
"Helms,  Wes",3B,FLA,127,253,25,56,12,4,4,39,26,76,0,2,.221,.348,.301,.649
"Helton,  Todd",1B,COL,118,398,48,102,18,1,8,37,67,90,0,0,.256,.367,.362,.728
"Hermida,  Jeremy",OF,OAK,73,222,19,48,12,0,6,29,16,58,1,0,.216,.351,.268,.619
"Hernandez,  Anderson",SS,HOU,54,109,13,24,5,0,0,3,10,19,3,0,.220,.266,.286,.552
"Hernandez,  Diory",SS,ATL,20,9,5,1,0,0,1,1,0,4,0,0,.111,.444,.111,.556
"Hernandez,  Luis",2B,NYM,17,44,4,11,1,0,2,6,2,7,1,0,.250,.409,.298,.707
"Hernandez,  Ramon",C,CIN,97,313,30,93,18,1,7,48,29,49,0,0,.297,.428,.364,.792
"Herrera,  Jonathan",2B,COL,76,222,34,63,6,2,1,21,25,36,2,2,.284,.342,.352,.694
"Hessman,  Mike",3B,NYM,32,55,6,7,2,1,1,6,8,23,0,0,.127,.255,.262,.516
"Hester,  John",C,AZ,38,95,9,20,7,0,2,7,11,32,1,0,.211,.347,.292,.640
"Heyward,  Jason",OF,ATL,141,516,83,143,29,5,18,72,90,127,11,6,.277,.457,.393,.851
"Hicks,  Brandon",3B,ATL,16,5,7,0,0,0,0,0,1,2,0,0,.000,.000,.167,.167
"Hill,  Aaron",2B,TOR,138,528,70,108,22,0,26,68,41,85,2,2,.205,.394,.271,.665
"Hill,  Koyie",C,CHC,77,215,18,46,13,1,1,17,12,61,1,0,.214,.298,.254,.552
"Hill,  Steven",C,STL,1,3,1,1,0,0,1,1,0,1,0,0,.333,1.333,.333,1.667
"Hinske,  Eric",OF/1B,ATL,130,279,37,71,21,1,10,50,32,74,0,0,.254,.444,.334,.779
"Hoffpauir,  Jarrett",3B,SD,13,34,1,7,1,0,0,0,2,5,0,0,.206,.235,.250,.485
"Hoffpauir,  Micah",1B,CHC,24,52,5,9,3,0,0,5,5,15,0,0,.173,.231,.246,.476
"Holliday,  Matt",OF,STL,158,596,95,186,45,1,28,103,69,93,9,5,.312,.532,.390,.922
"Hoover,  Paul",C,PHI,9,22,6,5,2,0,0,2,3,5,0,0,.227,.318,.320,.638
"Howard,  Ryan",1B,PHI,143,550,87,152,23,5,31,108,59,157,1,1,.276,.505,.353,.859
"Hu,  Ching-Lung",SS,LAD,14,23,2,3,1,0,0,1,0,5,1,0,.130,.174,.160,.334
"Hudson,  Orlando",2B,MIN,125,493,80,133,24,5,6,37,50,86,10,3,.270,.375,.340,.715
"Huff,  Aubrey",1B/OF,SF,157,569,100,165,35,5,26,86,83,91,7,0,.290,.506,.385,.891
"Huffman,  Chad",OF,CLE,9,18,1,3,0,0,0,2,2,5,0,0,.167,.167,.286,.452
"Hughes,  Luke",3B,MIN,2,7,1,2,0,0,1,1,0,3,0,1,.286,.714,.286,1.000
"Hughes,  Rhyne",1B,BAL,14,47,3,10,2,0,0,4,4,19,0,0,.213,.255,.275,.530
"Hundley,  Nick",C,SD,85,273,33,68,18,2,8,43,25,66,0,5,.249,.418,.308,.726
"Hunter,  Torii",OF,LAA,152,573,76,161,36,0,23,90,61,106,9,12,.281,.464,.354,.819
"Iannetta,  Chris",C,COL,61,188,20,37,6,1,9,27,30,48,1,0,.197,.383,.318,.701
"Ibanez,  Raul",OF,PHI,155,561,75,154,37,5,16,83,68,108,4,3,.275,.444,.349,.793
"Infante,  Omar",2B/3B/OF,ATL,133,470,65,151,15,3,8,47,29,61,7,6,.321,.417,.359,.776
"Inge,  Brandon",3B,DET,144,514,47,127,28,5,13,70,54,134,4,3,.247,.397,.321,.718
"Inglett,  Joe",OF,MIL,101,137,15,36,8,5,1,8,15,31,1,0,.263,.416,.342,.758
"Ishikawa,  Travis",1B,SF,116,158,18,42,11,0,3,22,13,29,0,0,.266,.392,.320,.712
"Iwamura,  Akinori",2B,FA,63,193,21,34,7,1,2,13,29,41,2,1,.176,.254,.283,.536
"Izturis,  Cesar",SS,BAL,150,473,42,109,13,1,1,28,25,53,11,5,.230,.268,.277,.545
"Izturis,  Maicer",3B/2B,LAA,61,212,27,53,13,1,3,27,21,27,7,3,.250,.363,.321,.684
"Jackson,  Austin",OF,DET,151,618,103,181,34,10,4,41,47,170,27,6,.293,.400,.345,.745
"Jackson,  Conor",OF,OAK,60,208,25,49,13,0,2,16,31,27,6,1,.236,.327,.336,.663
"Jacobs,  Mike",1B,TOR,7,24,1,5,1,0,1,2,3,7,0,0,.208,.375,.296,.671
"Janish,  Paul",SS,CIN,82,200,23,52,10,0,5,25,22,30,1,3,.260,.385,.338,.723
"Jaramillo,  Jason",C,PIT,32,85,2,13,2,0,1,6,7,14,0,0,.153,.212,.223,.435
"Jaso,  John",C,TB,110,342,57,91,20,3,5,45,60,39,4,0,.266,.386,.376,.762
"Jay,  John",OF,STL,105,287,47,86,19,2,4,27,24,50,2,4,.300,.422,.359,.780
"Jennings,  Dezmond",OF,TB,17,21,5,4,1,1,0,2,2,4,2,2,.190,.333,.292,.625
"Jeter,  Derek",SS,NYY,156,658,111,178,29,3,10,67,63,105,18,5,.271,.369,.341,.710
"Johnson,  Chris",3B,HOU,94,341,40,105,22,2,11,52,15,91,3,0,.308,.481,.337,.818
"Johnson,  Dan",DH,TB,40,111,15,22,3,0,7,23,25,27,1,0,.198,.414,.343,.757
"Johnson,  Kelly",2B,AZ,154,585,93,166,36,5,26,71,79,148,13,7,.284,.496,.370,.865
"Johnson,  Nick",DH,NYY,24,72,12,12,4,0,2,8,24,23,0,1,.167,.306,.388,.693
"Johnson,  Reed",OF,LAD,102,202,24,53,11,2,2,15,5,50,2,2,.262,.366,.291,.657
"Johnson,  Rob",C,SEA,61,178,24,34,10,0,2,13,25,46,1,1,.191,.281,.293,.574
"Jones,  Adam",OF,BAL,149,581,76,165,25,5,19,69,23,119,7,7,.284,.442,.325,.767
"Jones,  Andruw",OF,CHW,107,278,41,64,12,1,19,48,45,73,9,2,.230,.486,.341,.827
"Jones,  Chipper",3B,ATL,94,313,47,82,21,0,10,45,60,47,5,0,.262,.425,.378,.803
"Jones,  Garrett",1B/OF,PIT,157,587,64,147,34,1,21,86,53,122,7,3,.250,.419,.310,.729
"Joyce,  Matt",OF,TB,77,216,30,52,15,3,10,40,40,55,2,2,.241,.477,.360,.837
"Ka'aihue,  Kila",1B,KC,52,180,22,39,6,1,8,25,24,39,0,1,.217,.394,.307,.702
"Kalish,  Ryan",OF,BOS,53,163,26,41,11,1,4,24,12,38,10,1,.252,.405,.305,.710
"Kapler,  Gabe",OF,TB,59,124,19,26,4,0,2,14,11,24,1,1,.210,.290,.288,.578
"Kearns,  Austin",OF,NYY,120,403,55,106,21,1,10,49,46,116,4,1,.263,.395,.351,.746
"Kelly,  Donald",OF/1B,DET,119,238,30,58,4,0,9,27,8,42,3,0,.244,.374,.272,.646
"Kemp,  Matt",OF,LAD,162,602,82,150,25,6,28,89,53,170,19,15,.249,.450,.310,.760
"Kendall,  Jason",C,KC,118,434,39,111,18,0,0,37,37,45,12,7,.256,.297,.318,.615
"Kendrick,  Howie",2B,LAA,158,616,67,172,41,4,10,75,28,94,14,4,.279,.407,.313,.721
"Kennedy,  Adam",2B/1B,WSH,135,342,43,85,16,1,3,31,37,44,14,2,.249,.327,.327,.655
"Keppinger,  Jeff",2B,HOU,137,514,62,148,34,1,6,59,51,36,4,1,.288,.393,.351,.744
"Kinsler,  Ian",2B,TEX,103,391,73,112,20,1,9,45,56,57,15,5,.286,.412,.382,.794
"Konerko,  Paul",1B/DH,CHW,149,548,89,171,30,1,39,111,72,110,0,1,.312,.584,.393,.977
"Kotchman,  Casey",1B,SEA,125,414,37,90,20,1,9,51,35,57,0,0,.217,.336,.280,.616
"Kotsay,  Mark",DH/1B,CHW,107,327,30,78,17,2,8,31,32,36,1,3,.239,.376,.306,.683
"Kottaras,  George",C,MIL,67,212,24,43,12,1,9,26,33,44,2,0,.203,.396,.305,.701
"Kouzmanoff,  Kevin",3B,OAK,143,551,59,136,32,1,16,71,24,96,2,1,.247,.396,.283,.679
"Kratz,  Erik",C,PIT,9,34,2,4,0,0,0,1,2,9,0,0,.118,.118,.167,.284
"Kubel,  Jason",OF/DH,MIN,143,518,68,129,23,3,21,92,56,116,0,1,.249,.427,.323,.750
"Laird,  Gerald",C,DET,89,270,22,56,11,0,5,25,18,57,3,1,.207,.304,.263,.567
"Lamb,  Mike",1B,FLA,39,38,2,7,1,1,0,4,2,6,0,0,.184,.263,.225,.488
"Langerhans,  Ryan",OF,SEA,60,107,16,21,2,1,3,4,24,51,4,1,.196,.318,.344,.661
"LaPorta,  Matt",1B,CLE,110,376,41,83,15,1,12,41,46,82,0,0,.221,.362,.306,.668
"Larish,  Jeff",1B,OAK,27,67,5,12,3,0,2,9,7,24,1,0,.179,.313,.267,.580
"LaRoche,  Adam",1B,AZ,151,560,75,146,37,2,25,100,48,172,0,1,.261,.468,.320,.788
"LaRoche,  Andy",3B,PIT,102,247,26,51,8,0,4,16,19,43,1,1,.206,.287,.268,.555
"LaRue,  Jason",C,STL,29,56,3,11,1,0,2,5,5,7,0,0,.196,.321,.274,.596
"Lee,  Carlos",OF/1B,HOU,157,605,67,149,29,1,24,89,37,59,3,3,.246,.417,.291,.708
"Lee,  Derrek",1B,ATL,148,547,80,142,35,0,19,80,73,134,1,3,.260,.428,.347,.774
"Lewis,  Fred",OF,TOR,110,428,70,112,31,5,8,36,38,104,17,6,.262,.414,.332,.745
"Lillibridge,  Brent ",2B,CHW,64,98,19,22,5,2,2,16,3,36,5,3,.224,.378,.248,.625
"Lind,  Adam",DH,TOR,150,569,57,135,32,3,23,72,38,144,0,0,.237,.425,.287,.712
"Lindsey,  John ",1B,LAD,11,12,0,1,0,0,0,0,0,3,0,0,.083,.083,.154,.237
"Loney,  James",1B,LAD,161,588,67,157,41,2,10,88,52,95,10,5,.267,.395,.329,.723
"Longoria,  Evan",3B,TB,151,574,96,169,46,5,22,104,72,124,15,5,.294,.507,.372,.879
"Lopez,  Felipe",3B/2B/SS,BOS,112,383,52,90,18,1,8,37,43,79,8,2,.235,.350,.312,.662
"Lopez,  Jose",3B,SEA,150,593,49,142,29,0,10,58,23,66,3,2,.239,.339,.270,.609
"Lowell,  Mike",1B,BOS,74,222,23,54,13,0,5,26,23,34,0,0,.243,.369,.310,.680
"Lowrie,  Jed",2B/SS,BOS,55,171,31,49,14,0,9,24,25,25,1,1,.287,.526,.381,.907
"Lucroy,  Jonathan",C,MIL,75,277,24,70,9,0,4,26,18,44,4,2,.253,.329,.300,.628
"Lucy,  Donny",C,CHW,7,15,2,5,3,0,1,2,2,3,1,0,.333,.733,.444,1.178
"Ludwick,  Ryan",OF,SD,136,490,63,123,27,2,17,69,48,121,0,4,.251,.418,.325,.743
"Lugo,  Julio",2B/SS,BAL,93,241,26,60,4,2,0,20,15,50,5,7,.249,.282,.298,.581
"Luna,  Hector",3B,FLA,27,29,2,4,1,0,2,4,0,13,0,1,.138,.379,.133,.513
"Maier,  Mitch",OF,KC,117,373,41,98,15,6,5,39,41,68,3,2,.263,.375,.333,.709
"Maldonado,  Carlos",C,WSH,4,11,1,3,0,0,1,3,1,2,0,0,.273,.545,.333,.879
"Mangini,  Matt",3B,SEA,11,38,2,8,0,0,0,1,2,13,0,0,.211,.211,.250,.461
"Manzella,  Tommy",SS,HOU,83,258,17,58,7,0,1,21,13,71,0,1,.225,.264,.267,.531
"Markakis,  Nick",OF,BAL,160,629,79,187,45,3,12,60,73,93,7,2,.297,.436,.370,.805
"Marson,  Lou",C,CLE,87,262,29,51,15,0,3,22,26,55,8,1,.195,.286,.274,.560
"Marte,  Andy",3B/1B,CLE,80,170,18,39,7,2,5,19,17,35,0,3,.229,.382,.298,.680
"Martin,  Russell",C,LAD,97,331,45,82,13,0,5,26,48,61,6,2,.248,.332,.347,.679
"Martinez,  Fernando",OF,NYM,7,18,1,3,0,0,0,2,1,5,0,1,.167,.167,.273,.439
"Martinez,  Osvaldo",SS,FLA,14,43,8,14,4,1,0,2,4,6,1,0,.326,.465,.383,.848
"Martinez,  Victor",C,BOS,127,493,64,149,32,1,20,79,40,52,1,0,.302,.493,.351,.844
"Mather,  Joe",OF,STL,35,54,7,11,3,0,0,3,2,11,1,1,.204,.259,.232,.491
"Mathis,  Jeff",C,LAA,68,205,19,40,6,1,3,18,6,59,3,0,.195,.278,.219,.497
"Matsui,  Hideki",DH,LAA,145,482,55,132,24,1,21,84,67,98,0,1,.274,.459,.361,.820
"Matsui,  Kazuo",2B,COL,27,71,4,10,1,0,0,1,4,10,1,1,.141,.155,.197,.352
"Matthews Jr.,  Gary",OF,CIN,36,58,9,11,3,0,0,1,6,24,1,0,.190,.241,.266,.507
"Mauer,  Joe",C/DH,MIN,136,506,88,166,43,1,9,74,65,52,1,4,.328,.470,.403,.874
"Maxwell,  Justin",OF,WSH,67,104,16,15,6,0,3,12,25,43,5,1,.144,.288,.305,.594
"May,  Lucas",C,LAD,12,37,3,7,1,0,0,6,0,10,0,1,.189,.216,.205,.421
"Mayberry,  Jr.", John,OF,PHI,11,12,4,4,0,0,2,6,1,4,0,1.000,.333,.833,.385
"Maybin,  Cameron",OF,FLA,82,291,46,68,7,3,8,28,24,92,9,2,.234,.361,.302,.663
"McAnulty,  Paul",1B,LAA,9,22,2,3,0,0,1,2,2,11,0,0,.136,.273,.208,.481
"McCann,  Brian",C,ATL,142,474,63,128,25,0,21,77,74,97,5,1,.270,.456,.376,.832
"McCoy,  Mike",OF,TOR,46,82,9,16,4,0,0,3,8,20,5,1,.195,.244,.267,.511
"McCutchen,  Andrew",OF,PIT,153,566,94,162,35,5,16,56,69,87,33,10,.286,.451,.365,.815
"McDonald,  Darnell",OF,FA,117,319,40,86,18,3,9,34,30,85,9,1,.270,.429,.336,.766
"McDonald,  John",2B,TOR,63,152,27,38,9,2,6,23,6,26,2,1,.250,.454,.273,.727
"McGehee,  Casey",3B,MIL,157,610,70,174,38,1,23,104,50,102,1,1,.285,.464,.337,.801
"McKenry,  Michael",C,COL,6,8,0,0,0,0,0,0,1,5,0,0,.000,.000,.111,.111
"McLouth,  Nate",OF,ATL,84,239,29,46,12,1,6,24,32,55,7,2,.192,.326,.299,.625
"Mench,  Kevin",OF,WSH,27,27,2,3,0,0,0,1,2,6,0,0,.111,.111,.172,.284
"Michaels,  Jason",OF,HOU,106,185,23,47,14,1,8,26,12,29,0,0,.254,.470,.312,.782
"Miles,  Aaron",2B,STL,77,134,14,39,5,0,0,9,6,14,0,1,.291,.328,.317,.645
"Milledge,  Lastings",OF,PIT,112,374,37,103,22,2,4,33,28,61,5,3,.275,.377,.331,.708
"Miller,  Corky",C,CIN,32,74,5,18,5,0,2,9,2,16,0,0,.243,.392,.282,.674
"Miller,  Jai",OF,KC,20,55,5,13,3,0,1,4,4,23,1,0,.236,.345,.300,.645
"Miranda,  Juan",DH/1B,NYY,32,63,7,14,2,1,3,10,7,12,0,0,.222,.429,.300,.729
"Mitchell,  Russ",3B,LAD,15,42,3,6,0,0,2,4,0,8,0,0,.143,.286,.140,.425
"Moeller,  Chad",C,NYY,9,14,2,3,3,0,0,0,1,4,0,0,.214,.429,.267,.695
"Molina,  Bengie",C,TEX,118,377,27,94,12,1,5,36,24,34,0,0,.249,.326,.297,.623
"Molina,  Gustavo",C,BOS,4,7,1,1,0,0,0,0,0,2,0,0,.143,.143,.143,.286
"Molina,  Jose",C,TOR,57,167,13,41,4,0,6,12,9,36,1,0,.246,.377,.304,.681
"Molina,  Yadier",C,STL,136,465,34,122,19,0,6,62,42,51,8,4,.262,.342,.329,.671
"Montanez,  Luis",OF,BAL,26,57,2,8,0,0,0,3,1,9,1,0,.140,.140,.155,.296
"Montero,  Miguel",C,AZ,85,297,36,79,20,2,9,43,29,71,0,1,.266,.438,.332,.770
"Moore,  Adam",C,SEA,60,205,12,40,6,0,4,15,8,63,0,1,.195,.283,.230,.513
"Moore,  Scott",2B,FA,41,86,8,18,2,0,3,10,8,19,3,0,.209,.337,.274,.611
"Mora,  Melvin",3B/1B,COL,113,316,39,90,12,5,7,45,31,53,2,1,.285,.421,.358,.779
"Morales,  Jose",C,MIN,19,36,4,7,2,0,0,7,6,14,0,0,.194,.250,.295,.545
"Morales,  Kendry",1B,LAA,51,193,29,56,5,0,11,39,12,31,0,1,.290,.487,.346,.833
"Morel,  Brent",3B,CHW,21,65,9,15,3,0,3,7,4,17,2,0,.231,.415,.271,.687
"Moreland,  Mitch",1B,TEX,47,145,20,37,4,0,9,25,25,36,3,1,.255,.469,.364,.833
"Morgan,  Nyjer",OF,WSH,136,509,60,129,17,7,0,24,40,88,34,17,.253,.314,.319,.633
"Morneau,  Justin",1B,MIN,80,292,53,102,25,1,18,56,50,62,0,0,.349,.627,.442,1.069
"Morrison,  Logan",OF,FLA,62,244,43,69,20,7,2,18,41,51,0,1,.283,.447,.390,.837
"Morse,  Mike",OF,WSH,98,266,36,77,12,2,15,41,22,64,0,1,.289,.519,.352,.870
"Moss,  Brandon",OF,PIT,17,26,2,4,1,0,0,2,1,6,0,0,.154,.192,.185,.377
"Murphy,  David",OF,TEX,138,419,54,122,26,2,12,65,45,71,14,2,.291,.449,.358,.806
"Murphy,  Donnie",SS/3B,FLA,29,44,9,14,6,1,3,16,2,19,0,0,.318,.705,.348,1.052
"Nady,  Xavier",1B/OF,CHC,119,317,33,81,13,0,6,33,17,85,0,0,.256,.353,.306,.660
"Napoli,  Mike",1B/C,LAA,140,453,60,108,24,1,26,68,42,137,4,2,.238,.468,.316,.784
"Nava,  Daniel",OF,BOS,60,161,23,39,14,1,1,26,19,46,1,1,.242,.360,.351,.711
"Navarro ,  Yamaico",SS,BOS,20,42,4,6,0,0,0,5,2,17,0,0,.143,.143,.174,.317
"Navarro,  Dioner",C,TB,48,124,11,24,5,0,1,7,12,20,0,1,.194,.258,.270,.528
"Navarro,  Oswaldo",SS,HOU,14,20,2,1,0,0,0,0,5,4,0,0,.050,.050,.240,.290
"Nelson,  Chris",3B/2B,COL,17,25,7,7,1,0,0,0,1,4,1,0,.280,.320,.308,.628
"Nickeas,  Mike",C,NYM,5,10,0,2,0,0,0,0,0,5,0,0,.200,.200,.200,.400
"Nieves,  Wil",C,WSH,59,158,10,32,8,0,3,16,8,29,0,0,.203,.310,.244,.554
"Nix,  Jayson",3B/2B,CLE,102,331,32,74,15,0,14,34,20,87,1,2,.224,.396,.281,.676
"Nix,  Laynce",OF,CIN,97,165,16,48,11,2,4,18,15,39,0,1,.291,.455,.350,.805
"Nunez,  Eduardo",3B,NYY,30,50,12,14,1,0,1,7,3,2,5,0,.280,.360,.321,.681
"Oeltjen,  Trent",OF,LAD,14,23,5,5,1,1,0,1,4,8,0,0,.217,.348,.357,.705
"Ojeda,  Augie",2B,AZ,59,79,6,15,3,0,0,5,8,8,0,1,.190,.228,.258,.486
"Olivo,  Miguel",C,COL,112,394,55,106,17,6,14,58,27,117,7,4,.269,.449,.315,.765
"Ordonez,  Magglio",OF,DET,84,323,56,98,17,1,12,59,40,38,1,0,.303,.474,.378,.852
"Ortiz,  David",DH,BOS,145,518,86,140,36,1,32,102,82,145,0,1,.270,.529,.370,.899
"Overbay,  Lyle",1B,TOR,154,534,75,130,37,2,20,67,67,131,1,0,.243,.433,.329,.762
"Pagan,  Angel",OF,NYM,151,579,80,168,31,7,11,69,44,97,37,9,.290,.425,.340,.765
"Pagnozzi,  Matt",C,STL,15,39,4,14,2,0,1,10,2,8,0,0,.359,.487,.405,.892
"Parra,  Gerardo",OF,AZ,133,364,31,95,19,6,3,30,23,76,1,0,.261,.371,.308,.679
"Patterson,  Corey",OF,BAL,90,308,43,83,16,1,8,32,20,75,21,4,.269,.406,.315,.721
"Patterson,  Eric",OF,BOS,90,187,26,40,8,5,6,16,14,62,11,1,.214,.406,.272,.679
"Paul,  Xavier",OF,LAD,44,121,16,28,8,1,0,11,8,24,3,1,.231,.314,.277,.591
"Paulino,  Ronny",C,FLA,91,316,31,82,18,0,4,37,25,51,1,0,.259,.354,.311,.665
"Payton,  Jay",OF,COL,20,35,3,12,4,1,0,1,1,4,1,0,.343,.514,.361,.875
"Pearce,  Steven",1B,PIT,14,29,4,8,2,1,0,5,6,6,0,0,.276,.414,.378,.792
"Pedroia,  Dustin",2B,BOS,75,302,53,87,24,1,12,41,37,38,9,1,.288,.493,.367,.860
"Pena,  Brayan",C,KC,60,158,11,40,10,0,1,19,12,27,2,0,.253,.335,.306,.642
"Pena,  Carlos",1B,TB,144,484,64,95,18,0,28,84,87,158,5,1,.196,.407,.325,.732
"Pena,  Ramiro",3B/SS,NYY,85,154,18,35,1,1,0,18,6,27,7,1,.227,.247,.258,.504
"Pence,  Hunter",OF,HOU,156,614,93,173,29,3,25,91,41,105,18,9,.282,.461,.325,.786
"Pennington,  Cliff",SS,OAK,156,508,64,127,26,8,6,46,50,96,29,5,.250,.368,.319,.687
"Peralta,  Jhonny",3B/SS,DET,148,551,60,137,30,2,15,81,53,103,1,0,.249,.392,.311,.703
"Petersen,  Bryan",OF,FLA,23,24,1,2,0,0,0,2,1,6,0,0,.083,.083,.120,.203
"Phillips,  Brandon",2B,CIN,155,626,100,172,33,5,18,59,46,83,16,12,.275,.430,.332,.762
"Phillips,  Paul",C,COL,12,23,4,5,0,0,0,1,2,7,0,0,.217,.217,.280,.497
"Pie,  Felix",OF,BAL,81,288,39,79,15,5,5,31,13,52,5,2,.274,.413,.305,.718
"Pierre,  Juan",OF,CHW,160,651,96,179,18,3,1,47,45,47,68,18,.275,.316,.341,.657
"Pierzynski,  A.J.",C,CHW,128,474,43,128,29,0,9,56,15,39,3,4,.270,.388,.300,.688
"Plouffe,  Trevor",DH,MIN,22,41,7,6,1,0,2,6,0,14,0,0,.146,.317,.143,.460
"Podsednik,  Scott",OF,LAD,134,539,63,160,14,7,6,51,40,83,35,15,.297,.382,.342,.724
"Polanco,  Placido",3B,PHI,132,554,76,165,27,2,6,52,32,47,5,0,.298,.386,.339,.726
"Posada,  Jorge",C/DH,NYY,120,383,49,95,23,1,18,57,59,99,3,1,.248,.454,.357,.811
"Posey,  Buster",C/1B,SF,108,406,58,124,23,2,18,67,30,55,0,2,.305,.505,.357,.862
"Powell,  Landon",C,OAK,41,112,13,24,4,0,2,11,15,29,1,0,.214,.304,.305,.608
"Prado,  Martin",2B/3B,ATL,139,596,99,184,40,3,15,66,38,86,4,3,.309,.461,.350,.811
"Presley,  Alex",OF,PIT,19,23,2,6,1,0,0,0,1,8,1,1,.261,.304,.292,.596
"Pujols,  Albert",1B,STL,159,587,115,183,39,1,42,118,103,76,14,4,.312,.596,.414,1.011
"Punto,  Nick",3B/SS,MIN,88,252,24,60,11,1,1,20,28,50,6,2,.238,.302,.313,.615
"Quentin,  Carlos",OF/DH,CHW,131,453,73,110,25,2,26,87,50,83,2,2,.243,.479,.342,.821
"Quinlan,  Robb",1B,FA,23,33,4,4,2,0,0,2,2,6,2,0,.121,.182,.171,.353
"Quintero,  Humberto",C,HOU,88,265,13,62,10,0,4,20,8,59,0,0,.234,.317,.262,.579
"Quiroz,  Guillermo",C,SEA,2,7,1,2,1,0,0,0,0,1,0,0,.286,.429,.286,.714
"Raburn,  Ryan",OF,DET,113,371,54,104,25,1,15,62,27,92,2,2,.280,.474,.340,.814
"Ramirez,  Alexei",SS,CHW,156,585,83,165,29,2,18,70,27,82,13,8,.282,.431,.313,.744
"Ramirez,  Aramis",3B,CHC,124,465,61,112,21,1,25,83,34,90,0,0,.241,.452,.294,.745
"Ramirez,  Hanley",SS,FLA,142,543,92,163,28,2,21,76,64,93,32,10,.300,.475,.378,.853
"Ramirez,  Manny",OF/DH,CHW,90,265,38,79,16,0,9,42,46,61,1,1,.298,.460,.409,.870
"Ramirez,  Max",C,TEX,28,69,8,15,3,0,2,8,12,22,0,0,.217,.348,.341,.689
"Ramos,  Wilson",C,WSH,22,79,5,22,7,0,1,5,2,12,0,0,.278,.405,.305,.710
"Ransom,  Cody",3B,PHI,22,42,6,8,0,0,2,5,3,11,1,0,.190,.333,.244,.578
"Rasmus,  Colby",OF,STL,144,464,85,128,28,3,23,66,63,148,12,8,.276,.498,.361,.859
"Raynor,  John",OF,FLA,11,10,1,2,0,0,0,0,1,3,0,0,.200,.200,.273,.473
"Reddick,  Josh",OF,BOS,29,62,5,12,3,1,1,5,1,15,1,0,.194,.323,.206,.529
"Redmond,  Mike",C,CLE,22,63,7,13,4,0,0,5,2,10,0,0,.206,.270,.242,.512
"Reed,  Jeremy",OF,CHW,14,21,1,3,0,0,1,3,2,8,1,0,.143,.286,.217,.503
"Reimold,  Nolan",OF,BAL,39,116,9,24,5,0,3,14,12,26,0,0,.207,.328,.282,.610
"Renteria,  Edgar",SS,SF,72,243,26,67,11,2,3,22,21,43,2,0,.276,.374,.332,.707
"Repko,  Jason",OF,MIN,58,127,19,29,6,0,3,9,13,38,3,2,.228,.346,.324,.671
"Revere,  Ben",OF,MIN,13,28,1,5,0,0,0,2,2,5,0,1,.179,.179,.233,.412
"Reyes,  Jose",SS,NYM,133,563,83,159,29,10,11,54,31,63,30,10,.282,.428,.321,.749
"Reynolds,  Mark",3B,AZ,145,499,79,99,17,2,32,85,83,211,7,4,.198,.433,.320,.753
"Rhymes,  Will",2B,DET,54,191,30,58,12,3,1,19,14,16,0,3,.304,.414,.350,.763
"Rios,  Alex",OF,CHW,147,567,89,161,29,3,21,88,38,93,34,14,.284,.457,.334,.791
"Rivera,  Juan L",OF,LAA,124,416,53,105,20,0,15,52,33,58,2,2,.252,.409,.312,.721
"Rivera,  Mike",C,FLA,7,14,0,0,0,0,0,0,2,3,0,0,.000,.000,.176,.176
"Roberts,  Brian",2B,BAL,59,230,28,64,14,0,4,15,26,40,12,2,.278,.391,.354,.745
"Roberts,  Ryan",OF,AZ,36,66,8,13,4,0,2,9,3,17,0,0,.197,.348,.229,.577
"Rodriguez,  Alex",3B,NYY,136,519,74,141,29,2,30,125,58,97,4,3,.272,.509,.342,.850
"Rodriguez,  Ivan",C,WSH,111,398,32,106,18,1,4,49,16,66,2,3,.266,.347,.294,.640
"Rodriguez,  Sean",2B/OF,TB,119,347,53,86,19,2,9,40,21,101,13,3,.248,.392,.305,.697
"Rohlinger,  Ryan",SS,SF,12,15,1,3,0,0,0,1,2,5,0,0,.200,.200,.294,.494
"Rolen,  Scott",3B,CIN,133,471,66,135,34,3,20,84,50,82,1,2,.287,.499,.359,.858
"Rollins,  Jimmy",SS,PHI,88,350,48,85,16,3,8,41,40,32,17,1,.243,.374,.320,.694
"Romero,  Niuman",2B/1B,BOS,2,4,1,0,0,0,0,0,0,0,0,0,.000,.000,.000,.000
"Romine,  Andrew",SS,LAA,5,11,0,1,0,0,0,0,0,4,0,0,.091,.091,.091,.182
"Rosales,  Adam",2B,OAK,80,255,31,69,8,2,7,31,19,65,2,2,.271,.400,.321,.721
"Ross,  Cody",OF,SF,153,525,71,141,28,3,14,65,37,121,9,2,.269,.413,.322,.735
"Ross,  David",C,ATL,59,121,15,35,13,2,2,28,20,28,0,1,.289,.479,.392,.871
"Rowand,  Aaron",OF,SF,105,331,42,76,12,2,11,34,16,74,5,3,.230,.378,.281,.659
"Ruiz,  Carlos",C,PHI,121,371,43,112,28,1,8,53,55,54,0,1,.302,.447,.400,.847
"Ruiz,  Randy",DH,FA,13,40,3,6,2,0,1,1,0,11,1,0,.150,.275,.150,.425
"Russo,  Kevin",3B,NYY,30,45,4,7,1,0,0,3,3,8,1,0,.156,.178,.224,.402
"Ryal,  Rusty",OF/1B,AZ,104,207,19,54,7,1,3,11,8,67,0,3,.261,.348,.308,.656
"Ryan,  Brendan",SS,STL,139,439,50,98,19,3,2,36,33,60,11,4,.223,.294,.279,.573
"Ryan,  Michael",OF,LAA,22,39,3,8,4,0,0,2,1,5,0,0,.205,.308,.220,.527
"Salazar,  Oscar",OF,SD,85,131,19,31,4,0,3,19,16,23,1,2,.237,.336,.318,.653
"Saltalamacchia,  Jarrod",C,BOS,12,24,2,4,3,0,0,2,6,5,0,0,.167,.292,.333,.625
"Sanchez,  Angel",SS,HOU,66,253,30,70,9,4,0,25,11,45,0,1,.277,.344,.312,.656
"Sanchez,  Freddy",2B,SF,111,431,55,126,22,1,7,47,32,68,3,1,.292,.397,.342,.739
"Sanchez,  Gaby",1B,FLA,151,572,72,156,37,3,19,85,57,101,5,0,.273,.448,.341,.788
"Sandoval,  Pablo",3B,SF,152,563,61,151,34,3,13,63,47,81,3,2,.268,.409,.323,.732
"Santana,  Carlos",C,CLE,46,150,23,39,13,0,6,22,37,29,3,0,.260,.467,.401,.868
"Santiago,  Ramon",SS/2B,DET,112,320,38,84,9,1,3,22,30,56,2,2,.263,.325,.337,.662
"Sardinha,  Dane",C,DET,13,39,5,8,2,0,3,8,1,13,0,0,.205,.487,.225,.712
"Saunders,  Michael",OF,SEA,100,289,29,61,11,2,10,33,35,84,6,3,.211,.367,.295,.662
"Scales,  Bobby",3B,CHC,10,13,4,4,0,0,0,2,7,5,1,0,.308,.308,.550,.858
"Schierholtz,  Nate",OF,SF,137,227,34,55,13,3,3,17,20,38,4,5,.242,.366,.311,.676
"Schmidt,  Konrad",C,AZ,4,8,0,1,0,0,0,0,1,0,0,0,.125,.125,.222,.347
"Schneider,  Brian",C,PHI,47,125,17,30,4,1,4,15,19,25,0,0,.240,.384,.345,.729
"Schumaker,  Skip",2B,STL,137,476,66,126,18,1,5,42,43,64,5,3,.265,.338,.328,.667
"Scott,  Luke",DH,BAL,131,447,70,127,29,1,27,72,59,98,2,0,.284,.535,.368,.902
"Scutaro,  Marco",SS,BOS,150,632,92,174,38,0,11,56,53,71,5,4,.275,.388,.333,.721
"Shealy,  Ryan",1B,FA,5,7,0,0,0,0,0,0,0,2,0,0,.000,.000,.000,.000
"Shoppach,  Kelly",C,TB,63,158,17,31,8,0,5,17,20,71,0,0,.196,.342,.308,.650
"Sizemore,  Grady",OF,CLE,33,128,15,27,6,2,0,13,9,35,4,2,.211,.289,.271,.560
"Sizemore,  Scott",2B,DET,48,143,19,32,7,0,3,14,15,40,0,0,.224,.336,.296,.631
"Smith,  Seth",OF,COL,133,358,55,88,19,5,17,52,35,67,2,1,.246,.469,.314,.783
"Smoak,  Justin",1B,SEA,100,348,40,76,14,0,13,48,46,91,1,0,.218,.371,.307,.678
"Snider,  Travis",OF,TOR,82,298,36,76,20,0,14,32,21,79,6,3,.255,.463,.304,.767
"Snyder,  Brad",OF,CHC,12,27,1,5,1,0,0,5,1,12,0,0,.185,.222,.214,.437
"Snyder,  Brandon",1B,BAL,10,20,1,6,2,0,0,3,0,3,0,1,.300,.400,.300,.700
"Snyder,  Chris",C,PIT,105,319,34,66,9,0,15,48,52,94,0,0,.207,.376,.320,.696
"Sogard,  Eric",2B,OAK,4,7,0,3,0,0,0,0,2,1,0,1,.429,.429,.556,.984
"Soriano,  Alfonso",OF,CHC,147,496,67,128,40,3,24,79,45,123,5,1,.258,.496,.322,.818
"Soto,  Geovany",C,CHC,105,322,47,90,19,0,17,53,62,83,0,1,.280,.497,.393,.890
"Span,  Denard",OF,MIN,152,626,84,164,23,10,3,58,60,74,25,4,.262,.345,.329,.675
"Spilborghs,  Ryan",OF,COL,134,341,41,95,20,2,10,39,39,83,4,5,.279,.437,.360,.797
"St. Pierre,  Max",C,DET,6,9,1,2,1,0,0,0,0,2,0,0,.222,.333,.222,.556
"Stairs,  Matt",OF,SD,78,99,14,23,6,0,6,16,11,32,2,0,.232,.475,.306,.781
"Stanton,  Michael",OF,FLA,100,359,45,93,21,1,22,59,34,123,5,2,.259,.507,.326,.833
"Stavinoha,  Nick",OF,STL,79,121,11,31,4,0,2,9,4,28,0,0,.256,.339,.286,.625
"Stern,  Adam",OF,MIL,6,8,0,0,0,0,0,1,0,2,0,0,.000,.000,.000,.000
"Stewart,  Chris",1B/C,SD,2,0,0,0,0,0,0,0,0,0,0,0,.000,.000,.000,.000
"Stewart,  Ian",3B,COL,121,386,54,99,14,2,18,61,45,110,5,2,.256,.443,.338,.781
"Stubbs,  Drew",OF,CIN,150,514,91,131,19,6,22,77,55,168,30,6,.255,.444,.329,.773
"Sullivan,  Cory",OF,FA,57,64,6,12,1,1,0,4,6,18,0,0,.188,.234,.257,.492
"Sutton,  Drew",SS,CLE,13,39,5,10,1,0,2,8,3,13,0,0,.256,.436,.310,.745
"Suzuki,  Ichiro",OF,SEA,162,680,74,214,30,3,6,43,45,86,42,9,.315,.394,.359,.754
"Suzuki,  Kurt",C,OAK,131,495,55,120,18,2,13,71,33,49,3,2,.242,.366,.303,.669
"Sweeney,  Mike",DH,PHI,56,151,21,38,5,0,8,26,14,21,3,0,.252,.444,.321,.765
"Sweeney,  Ryan",OF,OAK,82,303,41,89,20,2,1,36,24,41,1,1,.294,.383,.342,.725
"Swisher,  Nick",OF,NYY,149,561,90,161,32,3,28,88,58,138,1,2,.287,.504,.359,.863
"Tabata,  Jose",OF,PIT,102,405,61,121,21,4,4,35,28,57,19,7,.299,.400,.346,.746
"Tatis,  Fernando",1B,NYM,41,65,6,12,4,0,2,6,6,19,0,0,.185,.338,.254,.592
"Tatum,  Craig",C,BAL,43,114,11,32,4,0,0,9,12,21,1,0,.281,.316,.349,.665
"Taveras,  Willy",OF,ATL,27,35,7,7,0,1,0,4,2,6,1,2,.200,.257,.243,.500
"Teagarden,  Taylor",C,TEX,28,71,10,11,1,0,4,6,8,34,0,0,.155,.338,.259,.597
"Teahen,  Mark",3B,CHW,77,233,31,60,13,2,4,25,25,61,3,5,.258,.382,.327,.709
"Teixeira,  Mark",1B,NYY,157,596,113,152,36,0,33,108,93,122,0,1,.255,.482,.365,.846
"Tejada,  Miguel",3B/SS,SD,156,636,71,171,26,0,15,71,30,67,2,0,.269,.381,.312,.692
"Tejada,  Ruben",2B/SS,NYM,78,216,28,46,12,0,1,15,22,38,2,2,.213,.282,.305,.588
"Thames,  Marcus",DH/OF,NYY,82,212,22,61,7,0,12,33,19,61,0,0,.288,.491,.350,.841
"Theriot,  Ryan",2B/SS,LAD,150,586,72,158,15,2,2,29,41,74,20,9,.270,.312,.321,.633
"Thole,  Josh",C,NYM,73,202,17,56,7,1,3,17,24,25,1,0,.277,.366,.360,.726
"Thome,  Jim",DH,MIN,108,276,48,78,16,2,25,59,60,82,0,0,.283,.627,.412,1.039
"Tolbert,  Matt",2B,MIN,48,87,8,20,4,3,1,18,9,18,1,1,.230,.379,.293,.672
"Tolleson,  Steven",SS,OAK,25,49,5,14,3,0,1,4,4,9,0,0,.286,.408,.340,.748
"Torrealba,  Yorvit",C,SD,95,325,31,87,14,0,7,36,33,67,7,5,.268,.375,.340,.715
"Torres,  Andres",OF,SF,139,507,84,136,43,8,16,63,56,128,26,7,.268,.479,.343,.823
"Towles,  J.R.",C,HOU,17,47,3,9,3,0,1,8,2,12,0,0,.191,.319,.235,.554
"Tracy,  Chad",3B,FLA,69,146,11,36,8,0,1,15,11,36,0,0,.247,.322,.306,.628
"Treanor,  Matt",C,TEX,82,237,22,50,6,1,5,27,22,43,1,2,.211,.308,.287,.595
"Trumbo,  Mark",1B,LAA,8,15,2,1,0,0,0,2,1,8,0,0,.067,.067,.125,.192
"Tuiasosopo,  Matt",OF,SEA,50,127,12,22,5,0,4,11,9,49,0,0,.173,.307,.234,.541
"Tulowitzki,  Troy",SS,COL,122,470,89,148,32,3,27,95,48,78,11,2,.315,.568,.381,.949
"Turner,  Justin",2B,NYM,9,17,1,1,1,0,0,0,1,3,0,0,.059,.118,.111,.229
"Uggla,  Dan",2B,FLA,159,589,100,169,31,0,33,105,78,149,4,1,.287,.508,.369,.877
"Upton,  B.J.",OF,TB,154,536,89,127,38,4,18,62,67,164,42,9,.237,.424,.322,.745
"Upton,  Justin",OF,AZ,133,495,73,135,27,3,17,69,64,152,18,8,.273,.442,.356,.799
"Uribe,  Juan",SS/3B/2B,SF,148,521,64,129,24,2,24,85,45,92,1,2,.248,.440,.310,.749
"Utley,  Chase",2B,PHI,115,425,75,117,20,2,16,65,63,63,13,2,.275,.445,.387,.832
"Valaika,  Chris",2B,CIN,19,38,3,10,1,0,1,2,1,9,0,0,.263,.368,.282,.650
"Valbuena,  Luis",2B,CLE,91,275,22,53,12,0,2,24,28,61,1,2,.193,.258,.273,.531
"Valdez,  Wilson",SS/2B,PHI,111,333,37,86,16,3,4,35,21,43,7,0,.258,.360,.306,.667
"Valencia,  Danny ",3B,MIN,85,299,30,93,18,1,7,40,20,46,2,0,.311,.448,.351,.799
"Van Every,  Jon",OF,PIT,21,19,6,4,1,0,1,1,2,9,0,0,.211,.421,.286,.707
"Varitek,  Jason",C,BOS,39,112,18,26,6,0,7,16,10,35,0,0,.232,.473,.293,.766
"Velez,  Eugenio",OF,SF,29,55,7,9,2,0,2,8,6,9,0,0,.164,.309,.246,.555
"Venable,  Will",OF,SD,131,392,60,96,11,7,13,51,45,128,29,7,.245,.408,.324,.732
"Viciedo,  Dayan",3B,CHW,38,104,17,32,7,0,5,13,2,25,1,0,.308,.519,.321,.840
"Victorino,  Shane",OF,PHI,147,587,84,152,26,10,18,69,53,79,34,6,.259,.429,.327,.756
"Vizquel,  Omar",3B,CHW,108,344,36,95,11,1,2,30,34,45,11,7,.276,.331,.341,.673
"Votto,  Joey",1B,CIN,150,547,106,177,36,2,37,113,91,125,16,5,.324,.600,.424,1.024
"Walker,  Neil",2B,PIT,110,426,57,126,29,3,12,66,34,83,2,3,.296,.462,.349,.811
"Wallace,  Brett",1B,HOU,51,144,14,32,6,1,2,13,8,50,0,0,.222,.319,.296,.615
"Watson,  Matt",OF,OAK,12,30,2,6,2,0,1,4,3,5,0,0,.200,.367,.273,.639
"Weeks,  Rickie",2B,MIL,160,651,112,175,32,4,29,83,76,184,11,4,.269,.464,.366,.830
"Wells,  Casper",OF,DET,36,93,14,30,6,1,4,17,6,19,0,1,.323,.538,.364,.901
"Wells,  Vernon",OF,TOR,157,590,79,161,44,3,31,88,50,84,6,4,.273,.515,.331,.847
"Werth,  Jayson",OF,PHI,156,554,106,164,46,2,27,85,82,147,13,3,.296,.532,.388,.921
"Whiteside,  Eli",C,SF,56,126,19,30,6,1,4,10,8,35,1,2,.238,.397,.299,.696
"Wieters,  Matt",C,BAL,130,446,37,111,22,1,11,55,47,94,0,1,.249,.377,.319,.695
"Wigginton,  Ty",1B/2B/3B,BAL,154,581,63,144,29,1,22,76,50,116,0,1,.248,.415,.312,.727
"Willingham,  Josh",OF,WSH,114,370,54,99,19,2,16,56,67,85,8,0,.268,.459,.389,.848
"Willits,  Reggie",OF,LAA,97,159,23,41,7,0,0,8,19,26,2,4,.258,.302,.341,.643
"Wilson,  Bobby",C,LAA,40,96,12,22,6,0,4,15,8,23,0,0,.229,.417,.288,.705
"Wilson,  Jack",SS,SEA,61,193,17,48,11,1,0,14,7,35,1,2,.249,.316,.282,.598
"Wilson,  Josh",SS,SEA,108,361,22,82,14,2,2,25,14,74,5,0,.227,.294,.278,.572
"Winn,  Randy",OF,STL,116,205,23,49,8,2,4,25,21,37,6,0,.239,.356,.307,.663
"Wise,  DeWayne",OF,TOR,52,112,20,28,3,2,3,14,4,29,4,0,.250,.393,.282,.675
"Wood,  Brandon",3B/SS,LAA,81,226,20,33,2,0,4,14,6,71,1,0,.146,.208,.174,.382
"Woodward,  Chris",SS,SEA,8,19,0,3,1,0,0,0,3,9,0,0,.158,.211,.273,.483
"Worth,  Danny",SS,DET,39,106,10,27,5,0,2,8,6,13,1,2,.255,.358,.295,.653
"Wright,  David",3B,NYM,157,587,87,166,36,3,29,103,69,161,19,11,.283,.503,.354,.856
"Youkilis,  Kevin",1B,BOS,102,362,77,111,26,5,19,62,58,67,4,1,.307,.564,.411,.975
"Young Jr.,  Eric",2B,COL,51,172,26,42,5,1,0,8,17,32,17,6,.244,.285,.312,.597
"Young,  Chris",OF,AZ,156,584,94,150,33,0,27,91,74,145,28,7,.257,.452,.341,.793
"Young,  Delmon",OF,MIN,152,566,77,168,45,1,21,111,28,80,5,4,.297,.491,.332,.823
"Young,  Delwyn",OF,PIT,109,190,22,44,11,1,7,28,13,52,1,0,.232,.411,.283,.693
"Young,  Michael",3B,TEX,157,656,99,186,36,3,21,91,50,115,4,2,.284,.444,.330,.774
"Zaun,  Gregg",C,MIL,28,102,11,27,7,0,2,14,11,12,0,0,.265,.392,.350,.743
"Zawadzki ,  Lance",2B,SD,20,35,4,7,2,0,0,1,5,7,1,0,.200,.257,.300,.557
"Zimmerman,  Ryan",3B,WSH,142,525,85,161,32,0,25,85,69,98,4,1,.307,.510,.388,.899
"Zobrist,  Ben",OF/2B,TB,151,541,77,129,28,2,10,75,92,107,24,3,.238,.353,.346,.699
,,,,,,,,,,,,,,,,,,
,,,,,,,,,,,,,,,,,,
,,,,,,,,,,,,,,,,,
,,,,,,,,,,,,,,,,,
,,,,,,,,,,,,,,,,,
,,,,,,,,,,,,,,,,,
,,,,,,,,,,,,,,,,,
,,,,,,,,,,,,,,,,,
,,,,,,,,,,,,,,,,,
,,,,,,,,,,,,,,,,,
,,,,,,,,,,,,,,,,,
,,,,,,,,,,,,,,,,,
,,,,,,,,,,,,,,,,,
,,,,,,,,,,,,,,,,,
,,,,,,,,,,,,,,,,,
,,,,,,,,,,,,,,,,,
,,,,,,,,,,,,,,,,,
,,,,,,,,,,,,,,,,,
,,,,,,,,,,,,,,,,,
,,,,,,,,,,,,,,,,,
,,,,,,,,,,,,,,,,,
,,,,,,,,,,,,,,,,,
,,,,,,,,,,,,,,,,,
,,,,,,,,,,,,,,,,,
,,,,,,,,,,,,,,,,,
,,,,,,,,,,,,,,,,,
,,,,,,,,,,,,,,,,,
,,,,,,,,,,,,,,,,,
,,,,,,,,,,,,,,,,,
,,,,,,,,,,,,,,,,,
,,,,,,,,,,,,,,,,,
,,,,,,,,,,,,,,,,,
,,,,,,,,,,,,,,,,,
,,,,,,,,,,,,,,,,,
,,,,,,,,,,,,,,,,,
,,,,,,,,,,,,,,,,,
,,,,,,,,,,,,,,,,,
,,,,,,,,,,,,,,,,,
,,,,,,,,,,,,,,,,,
,,,,,,,,,,,,,,,,,
,,,,,,,,,,,,,,,,,
,,,,,,,,,,,,,,,,,
,,,,,,,,,,,,,,,,,
,,,,,,,,,,,,,,,,,
,,,,,,,,,,,,,,,,,
,,,,,,,,,,,,,,,,,
,,,,,,,,,,,,,,,,,
,,,,,,,,,,,,,,,,,
,,,,,,,,,,,,,,,,,
,,,,,,,,,,,,,,,,,
,,,,,,,,,,,,,,,,,
,,,,,,,,,,,,,,,,,
,,,,,,,,,,,,,,,,,
,,,,,,,,,,,,,,,,,
,,,,,,,,,,,,,,,,,
,,,,,,,,,,,,,,,,,
,,,,,,,,,,,,,,,,,
,,,,,,,,,,,,,,,,,
,,,,,,,,,,,,,,,,,
,,,,,,,,,,,,,,,,,
,,,,,,,,,,,,,,,,,
,,,,,,,,,,,,,,,,,
,,,,,,,,,,,,,,,,,
,,,,,,,,,,,,,,,,,
,,,,,,,,,,,,,,,,,
,,,,,,,,,,,,,,,,,
,,,,,,,,,,,,,,,,,
,,,,,,,,,,,,,,,,,
,,,,,,,,,,,,,,,,,
,,,,,,,,,,,,,,,,,
,,,,,,,,,,,,,,,,,
,,,,,,,,,,,,,,,,,
,,,,,,,,,,,,,,,,,
,,,,,,,,,,,,,,,,,
,,,,,,,,,,,,,,,,,
,,,,,,,,,,,,,,,,,
,,,,,,,,,,,,,,,,,
,,,,,,,,,,,,,,,,,
,,,,,,,,,,,,,,,,,
,,,,,,,,,,,,,,,,,
,,,,,,,,,,,,,,,,,
,,,,,,,,,,,,,,,,,
,,,,,,,,,,,,,,,,,
,,,,,,,,,,,,,,,,,
,,,,,,,,,,,,,,,,,
,,,,,,,,,,,,,,,,,
,,,,,,,,,,,,,,,,,
,,,,,,,,,,,,,,,,,
,,,,,,,,,,,,,,,,,
,,,,,,,,,,,,,,,,,
,,,,,,,,,,,,,,,,,
,,,,,,,,,,,,,,,,,
,,,,,,,,,,,,,,,,,
,,,,,,,,,,,,,,,,,
,,,,,,,,,,,,,,,,,
,,,,,,,,,,,,,,,,,
,,,,,,,,,,,,,,,,,
,,,,,,,,,,,,,,,,,
,,,,,,,,,,,,,,,,,
,,,,,,,,,,,,,,,,,
,,,,,,,,,,,,,,,,,
,,,,,,,,,,,,,,,,,
,,,,,,,,,,,,,,,,,
,,,,,,,,,,,,,,,,,
,,,,,,,,,,,,,,,,,
,,,,,,,,,,,,,,,,,
,,,,,,,,,,,,,,,,,
,,,,,,,,,,,,,,,,,
,,,,,,,,,,,,,,,,,
,,,,,,,,,,,,,,,,,
,,,,,,,,,,,,,,,,,
,,,,,,,,,,,,,,,,,
,,,,,,,,,,,,,,,,,
,,,,,,,,,,,,,,,,,
,,,,,,,,,,,,,,,,,
,,,,,,,,,,,,,,,,,
,,,,,,,,,,,,,,,,,
,,,,,,,,,,,,,,,,,
,,,,,,,,,,,,,,,,,
,,,,,,,,,,,,,,,,,
,,,,,,,,,,,,,,,,,
,,,,,,,,,,,,,,,,,
,,,,,,,,,,,,,,,,,
,,,,,,,,,,,,,,,,,
,,,,,,,,,,,,,,,,,
,,,,,,,,,,,,,,,,,
,,,,,,,,,,,,,,,,,
,,,,,,,,,,,,,,,,,
,,,,,,,,,,,,,,,,,
,,,,,,,,,,,,,,,,,
,,,,,,,,,,,,,,,,,
,,,,,,,,,,,,,,,,,
,,,,,,,,,,,,,,,,,
,,,,,,,,,,,,,,,,,
,,,,,,,,,,,,,,,,,
,,,,,,,,,,,,,,,,,
,,,,,,,,,,,,,,,,,
,,,,,,,,,,,,,,,,,
,,,,,,,,,,,,,,,,,
,,,,,,,,,,,,,,,,,
,,,,,,,,,,,,,,,,,
,,,,,,,,,,,,,,,,,
,,,,,,,,,,,,,,,,,
,,,,,,,,,,,,,,,,,
,,,,,,,,,,,,,,,,,
,,,,,,,,,,,,,,,,,
,,,,,,,,,,,,,,,,,
,,,,,,,,,,,,,,,,,
,,,,,,,,,,,,,,,,,
,,,,,,,,,,,,,,,,,
,,,,,,,,,,,,,,,,,
,,,,,,,,,,,,,,,,,
,,,,,,,,,,,,,,,,,
,,,,,,,,,,,,,,,,,
,,,,,,,,,,,,,,,,,
,,,,,,,,,,,,,,,,,
,,,,,,,,,,,,,,,,,
,,,,,,,,,,,,,,,,,
,,,,,,,,,,,,,,,,,
,,,,,,,,,,,,,,,,,
,,,,,,,,,,,,,,,,,
,,,,,,,,,,,,,,,,,
,,,,,,,,,,,,,,,,,
,,,,,,,,,,,,,,,,,
,,,,,,,,,,,,,,,,,
,,,,,,,,,,,,,,,,,
,,,,,,,,,,,,,,,,,
,,,,,,,,,,,,,,,,,
,,,,,,,,,,,,,,,,,
,,,,,,,,,,,,,,,,,
,,,,,,,,,,,,,,,,,
,,,,,,,,,,,,,,,,,
,,,,,,,,,,,,,,,,,
,,,,,,,,,,,,,,,,,
,,,,,,,,,,,,,,,,,
,,,,,,,,,,,,,,,,,
,,,,,,,,,,,,,,,,,
,,,,,,,,,,,,,,,,,
,,,,,,,,,,,,,,,,,
,,,,,,,,,,,,,,,,,
,,,,,,,,,,,,,,,,,
,,,,,,,,,,,,,,,,,
,,,,,,,,,,,,,,,,,
,,,,,,,,,,,,,,,,,
,,,,,,,,,,,,,,,,,
,,,,,,,,,,,,,,,,,
,,,,,,,,,,,,,,,,,
,,,,,,,,,,,,,,,,,
,,,,,,,,,,,,,,,,,
,,,,,,,,,,,,,,,,,
,,,,,,,,,,,,,,,,,
,,,,,,,,,,,,,,,,,
,,,,,,,,,,,,,,,,,
,,,,,,,,,,,,,,,,,
,,,,,,,,,,,,,,,,,
,,,,,,,,,,,,,,,,,
,,,,,,,,,,,,,,,,,
,,,,,,,,,,,,,,,,,
,,,,,,,,,,,,,,,,,
,,,,,,,,,,,,,,,,,
,,,,,,,,,,,,,,,,,
,,,,,,,,,,,,,,,,,
,,,,,,,,,,,,,,,,,
,,,,,,,,,,,,,,,,,
,,,,,,,,,,,,,,,,,
,,,,,,,,,,,,,,,,,
,,,,,,,,,,,,,,,,,
,,,,,,,,,,,,,,,,,
,,,,,,,,,,,,,,,,,
,,,,,,,,,,,,,,,,,
,,,,,,,,,,,,,,,,,
,,,,,,,,,,,,,,,,,
,,,,,,,,,,,,,,,,,
,,,,,,,,,,,,,,,,,
,,,,,,,,,,,,,,,,,
,,,,,,,,,,,,,,,,,
,,,,,,,,,,,,,,,,,
,,,,,,,,,,,,,,,,,
,,,,,,,,,,,,,,,,,
,,,,,,,,,,,,,,,,,
,,,,,,,,,,,,,,,,,
,,,,,,,,,,,,,,,,,
,,,,,,,,,,,,,,,,,
,,,,,,,,,,,,,,,,,
,,,,,,,,,,,,,,,,,
,,,,,,,,,,,,,,,,,
,,,,,,,,,,,,,,,,,
,,,,,,,,,,,,,,,,,
,,,,,,,,,,,,,,,,,
,,,,,,,,,,,,,,,,,
,,,,,,,,,,,,,,,,,
,,,,,,,,,,,,,,,,,
,,,,,,,,,,,,,,,,,
,,,,,,,,,,,,,,,,,
,,,,,,,,,,,,,,,,,
,,,,,,,,,,,,,,,,,
,,,,,,,,,,,,,,,,,
,,,,,,,,,,,,,,,,,
,,,,,,,,,,,,,,,,,
,,,,,,,,,,,,,,,,,
,,,,,,,,,,,,,,,,,
,,,,,,,,,,,,,,,,,
,,,,,,,,,,,,,,,,,
,,,,,,,,,,,,,,,,,
,,,,,,,,,,,,,,,,,
,,,,,,,,,,,,,,,,,
,,,,,,,,,,,,,,,,,
,,,,,,,,,,,,,,,,,
,,,,,,,,,,,,,,,,,
,,,,,,,,,,,,,,,,,
,,,,,,,,,,,,,,,,,
,,,,,,,,,,,,,,,,,
,,,,,,,,,,,,,,,,,
,,,,,,,,,,,,,,,,,
,,,,,,,,,,,,,,,,,
,,,,,,,,,,,,,,,,,
,,,,,,,,,,,,,,,,,
,,,,,,,,,,,,,,,,,
,,,,,,,,,,,,,,,,,
,,,,,,,,,,,,,,,,,
,,,,,,,,,,,,,,,,,
,,,,,,,,,,,,,,,,,
,,,,,,,,,,,,,,,,,
,,,,,,,,,,,,,,,,,
,,,,,,,,,,,,,,,,,
,,,,,,,,,,,,,,,,,
,,,,,,,,,,,,,,,,,
,,,,,,,,,,,,,,,,,
,,,,,,,,,,,,,,,,,
,,,,,,,,,,,,,,,,,
,,,,,,,,,,,,,,,,,
,,,,,,,,,,,,,,,,,
,,,,,,,,,,,,,,,,,
,,,,,,,,,,,,,,,,,
,,,,,,,,,,,,,,,,,
,,,,,,,,,,,,,,,,,
,,,,,,,,,,,,,,,,,
,,,,,,,,,,,,,,,,,
,,,,,,,,,,,,,,,,,
,,,,,,,,,,,,,,,,,
,,,,,,,,,,,,,,,,,
,,,,,,,,,,,,,,,,,
,,,,,,,,,,,,,,,,,
,,,,,,,,,,,,,,,,,
,,,,,,,,,,,,,,,,,
,,,,,,,,,,,,,,,,,
,,,,,,,,,,,,,,,,,
,,,,,,,,,,,,,,,,,
,,,,,,,,,,,,,,,,,
,,,,,,,,,,,,,,,,,
,,,,,,,,,,,,,,,,,
,,,,,,,,,,,,,,,,,
,,,,,,,,,,,,,,,,,
,,,,,,,,,,,,,,,,,
,,,,,,,,,,,,,,,,,
,,,,,,,,,,,,,,,,,
,,,,,,,,,,,,,,,,,
,,,,,,,,,,,,,,,,,
,,,,,,,,,,,,,,,,,
,,,,,,,,,,,,,,,,,
,,,,,,,,,,,,,,,,,
,,,,,,,,,,,,,,,,,
,,,,,,,,,,,,,,,,,
,,,,,,,,,,,,,,,,,
,,,,,,,,,,,,,,,,,
,,,,,,,,,,,,,,,,,
,,,,,,,,,,,,,,,,,
,,,,,,,,,,,,,,,,,
,,,,,,,,,,,,,,,,,
,,,,,,,,,,,,,,,,,
,,,,,,,,,,,,,,,,,
,,,,,,,,,,,,,,,,,
,,,,,,,,,,,,,,,,,
,,,,,,,,,,,,,,,,,
,,,,,,,,,,,,,,,,,
,,,,,,,,,,,,,,,,,
,,,,,,,,,,,,,,,,,
,,,,,,,,,,,,,,,,,
,,,,,,,,,,,,,,,,,
,,,,,,,,,,,,,,,,,
,,,,,,,,,,,,,,,,,
,,,,,,,,,,,,,,,,,
,,,,,,,,,,,,,,,,,
,,,,,,,,,,,,,,,,,
,,,,,,,,,,,,,,,,,
,,,,,,,,,,,,,,,,,